Geo_FIPS,Geo_QName,Geo_FILEID,Geo_STUSAB,Geo_SUMLEV,Geo_GEOCOMP,Geo_LOGRECNO,Geo_US,Geo_REGION,Geo_DIVISION,Geo_STATECE,Geo_STATE,Geo_COUNTY,Geo_COUSUB,Geo_PLACE,Geo_TRACT,Geo_BLKGRP,Geo_CONCIT,Geo_AIANHH,Geo_AIANHHFP,Geo_AIHHTLI,Geo_AITSCE,Geo_AITS,Geo_ANRC,Geo_CBSA,Geo_CSA,Geo_METDIV,Geo_MACC,Geo_MEMI,Geo_NECTA,Geo_CNECTA,Geo_NECTADIV,Geo_UA,Geo_UACP,Geo_CDCURR,Geo_SLDU,Geo_SLDL,Geo_VTD,Geo_ZCTA3,Geo_ZCTA5,Geo_SUBMCD,Geo_SDELM,Geo_SDSEC,Geo_SDUNI,Geo_UR,Geo_PCI,Geo_TAZ,Geo_UGA,Geo_PUMA5,Geo_PUMA1,Geo_GEOID,Geo_NAME,Geo_BTTR,Geo_BTBG,Geo_PLACESE,SE_A10030_001,SE_A10030_002,SE_A10030_003,SE_A10030_004,SE_A10030_005,SE_A10030_006,SE_A10030_007,PCT_SE_A10030_002,PCT_SE_A10030_003,PCT_SE_A10030_004,PCT_SE_A10030_005,PCT_SE_A10030_006,PCT_SE_A10030_007
"11001000101","Census Tract 1.01, District of Columbia, District of Columbia","ACSSF","dc","140","00","0000009",,,,,"11","001",,,"000101",,,,,,,,,,,,,,,,,,,,,,,,,,,,,,,,,,,"14000US11001000101","Census Tract 1.01",,,,762,249,383,120,10,0,0,32.68,50.26,15.75,1.31,0,0
"11001000102","Census Tract 1.02, District of Columbia, District of Columbia","ACSSF","dc","140","00","0000010",,,,,"11","001",,,"000102",,,,,,,,,,,,,,,,,,,,,,,,,,,,,,,,,,,"14000US11001000102","Census Tract 1.02",,,,1807,373,913,447,74,0,0,20.64,50.53,24.74,4.1,0,0
"11001000201","Census Tract 2.01, District of Columbia, District of Columbia","ACSSF","dc","140","00","0000011",,,,,"11","001",,,"000201",,,,,,,,,,,,,,,,,,,,,,,,,,,,,,,,,,,"14000US11001000201","Census Tract 2.01",,,,0,0,0,0,0,0,0,,,,,,
"11001000202","Census Tract 2.02, District of Columbia, District of Columbia","ACSSF","dc","140","00","0000012",,,,,"11","001",,,"000202",,,,,,,,,,,,,,,,,,,,,,,,,,,,,,,,,,,"14000US11001000202","Census Tract 2.02",,,,1801,440,977,246,98,40,0,24.43,54.25,13.66,5.44,2.22,0
"11001000300","Census Tract 3, District of Columbia, District of Columbia","ACSSF","dc","140","00","0000013",,,,,"11","001",,,"000300",,,,,,,,,,,,,,,,,,,,,,,,,,,,,,,,,,,"14000US11001000300","Census Tract 3",,,,2510,362,1379,685,70,14,0,14.42,54.94,27.29,2.79,0.56,0
"11001000400","Census Tract 4, District of Columbia, District of Columbia","ACSSF","dc","140","00","0000014",,,,,"11","001",,,"000400",,,,,,,,,,,,,,,,,,,,,,,,,,,,,,,,,,,"14000US11001000400","Census Tract 4",,,,592,99,256,182,34,21,0,16.72,43.24,30.74,5.74,3.55,0
"11001000501","Census Tract 5.01, District of Columbia, District of Columbia","ACSSF","dc","140","00","0000015",,,,,"11","001",,,"000501",,,,,,,,,,,,,,,,,,,,,,,,,,,,,,,,,,,"14000US11001000501","Census Tract 5.01",,,,2069,869,875,311,14,0,0,42,42.29,15.03,0.68,0,0
"11001000502","Census Tract 5.02, District of Columbia, District of Columbia","ACSSF","dc","140","00","0000016",,,,,"11","001",,,"000502",,,,,,,,,,,,,,,,,,,,,,,,,,,,,,,,,,,"14000US11001000502","Census Tract 5.02",,,,1730,356,992,318,31,23,10,20.58,57.34,18.38,1.79,1.33,0.58
"11001000600","Census Tract 6, District of Columbia, District of Columbia","ACSSF","dc","140","00","0000017",,,,,"11","001",,,"000600",,,,,,,,,,,,,,,,,,,,,,,,,,,,,,,,,,,"14000US11001000600","Census Tract 6",,,,2222,531,1068,580,27,0,16,23.9,48.06,26.1,1.22,0,0.72
"11001000702","Census Tract 7.02, District of Columbia, District of Columbia","ACSSF","dc","140","00","0000018",,,,,"11","001",,,"000702",,,,,,,,,,,,,,,,,,,,,,,,,,,,,,,,,,,"14000US11001000702","Census Tract 7.02",,,,2169,784,1285,82,18,0,0,36.15,59.24,3.78,0.83,0,0
"11001000703","Census Tract 7.03, District of Columbia, District of Columbia","ACSSF","dc","140","00","0000019",,,,,"11","001",,,"000703",,,,,,,,,,,,,,,,,,,,,,,,,,,,,,,,,,,"14000US11001000703","Census Tract 7.03",,,,2126,633,1135,288,70,0,0,29.77,53.39,13.55,3.29,0,0
"11001000704","Census Tract 7.04, District of Columbia, District of Columbia","ACSSF","dc","140","00","0000020",,,,,"11","001",,,"000704",,,,,,,,,,,,,,,,,,,,,,,,,,,,,,,,,,,"14000US11001000704","Census Tract 7.04",,,,1410,367,707,241,80,15,0,26.03,50.14,17.09,5.67,1.06,0
"11001000802","Census Tract 8.02, District of Columbia, District of Columbia","ACSSF","dc","140","00","0000021",,,,,"11","001",,,"000802",,,,,,,,,,,,,,,,,,,,,,,,,,,,,,,,,,,"14000US11001000802","Census Tract 8.02",,,,1452,219,686,454,93,0,0,15.08,47.25,31.27,6.4,0,0
"11001000803","Census Tract 8.03, District of Columbia, District of Columbia","ACSSF","dc","140","00","0000022",,,,,"11","001",,,"000803",,,,,,,,,,,,,,,,,,,,,,,,,,,,,,,,,,,"14000US11001000803","Census Tract 8.03",,,,1191,224,750,217,0,0,0,18.81,62.97,18.22,0,0,0
"11001000804","Census Tract 8.04, District of Columbia, District of Columbia","ACSSF","dc","140","00","0000023",,,,,"11","001",,,"000804",,,,,,,,,,,,,,,,,,,,,,,,,,,,,,,,,,,"14000US11001000804","Census Tract 8.04",,,,1232,33,472,390,310,27,0,2.68,38.31,31.66,25.16,2.19,0
"11001000902","Census Tract 9.02, District of Columbia, District of Columbia","ACSSF","dc","140","00","0000024",,,,,"11","001",,,"000902",,,,,,,,,,,,,,,,,,,,,,,,,,,,,,,,,,,"14000US11001000902","Census Tract 9.02",,,,857,54,285,355,140,16,7,6.3,33.26,41.42,16.34,1.87,0.82
"11001000903","Census Tract 9.03, District of Columbia, District of Columbia","ACSSF","dc","140","00","0000025",,,,,"11","001",,,"000903",,,,,,,,,,,,,,,,,,,,,,,,,,,,,,,,,,,"14000US11001000903","Census Tract 9.03",,,,384,19,118,174,41,13,19,4.95,30.73,45.31,10.68,3.39,4.95
"11001000904","Census Tract 9.04, District of Columbia, District of Columbia","ACSSF","dc","140","00","0000026",,,,,"11","001",,,"000904",,,,,,,,,,,,,,,,,,,,,,,,,,,,,,,,,,,"14000US11001000904","Census Tract 9.04",,,,1159,165,159,629,164,38,4,14.24,13.72,54.27,14.15,3.28,0.35
"11001001002","Census Tract 10.02, District of Columbia, District of Columbia","ACSSF","dc","140","00","0000027",,,,,"11","001",,,"001002",,,,,,,,,,,,,,,,,,,,,,,,,,,,,,,,,,,"14000US11001001002","Census Tract 10.02",,,,1921,365,1216,317,23,0,0,19,63.3,16.5,1.2,0,0
"11001001003","Census Tract 10.03, District of Columbia, District of Columbia","ACSSF","dc","140","00","0000028",,,,,"11","001",,,"001003",,,,,,,,,,,,,,,,,,,,,,,,,,,,,,,,,,,"14000US11001001003","Census Tract 10.03",,,,1129,0,404,558,167,0,0,0,35.78,49.42,14.79,0,0
"11001001004","Census Tract 10.04, District of Columbia, District of Columbia","ACSSF","dc","140","00","0000029",,,,,"11","001",,,"001004",,,,,,,,,,,,,,,,,,,,,,,,,,,,,,,,,,,"14000US11001001004","Census Tract 10.04",,,,1675,474,605,441,138,0,17,28.3,36.12,26.33,8.24,0,1.01
"11001001100","Census Tract 11, District of Columbia, District of Columbia","ACSSF","dc","140","00","0000030",,,,,"11","001",,,"001100",,,,,,,,,,,,,,,,,,,,,,,,,,,,,,,,,,,"14000US11001001100","Census Tract 11",,,,2060,579,887,467,91,36,0,28.11,43.06,22.67,4.42,1.75,0
"11001001200","Census Tract 12, District of Columbia, District of Columbia","ACSSF","dc","140","00","0000031",,,,,"11","001",,,"001200",,,,,,,,,,,,,,,,,,,,,,,,,,,,,,,,,,,"14000US11001001200","Census Tract 12",,,,2578,779,1308,468,11,12,0,30.22,50.74,18.15,0.43,0.47,0
"11001001301","Census Tract 13.01, District of Columbia, District of Columbia","ACSSF","dc","140","00","0000032",,,,,"11","001",,,"001301",,,,,,,,,,,,,,,,,,,,,,,,,,,,,,,,,,,"14000US11001001301","Census Tract 13.01",,,,2023,638,771,508,68,38,0,31.54,38.11,25.11,3.36,1.88,0
"11001001303","Census Tract 13.03, District of Columbia, District of Columbia","ACSSF","dc","140","00","0000033",,,,,"11","001",,,"001303",,,,,,,,,,,,,,,,,,,,,,,,,,,,,,,,,,,"14000US11001001303","Census Tract 13.03",,,,2238,847,1123,165,29,74,0,37.85,50.18,7.37,1.3,3.31,0
"11001001304","Census Tract 13.04, District of Columbia, District of Columbia","ACSSF","dc","140","00","0000034",,,,,"11","001",,,"001304",,,,,,,,,,,,,,,,,,,,,,,,,,,,,,,,,,,"14000US11001001304","Census Tract 13.04",,,,2973,922,1700,351,0,0,0,31.01,57.18,11.81,0,0,0
"11001001401","Census Tract 14.01, District of Columbia, District of Columbia","ACSSF","dc","140","00","0000035",,,,,"11","001",,,"001401",,,,,,,,,,,,,,,,,,,,,,,,,,,,,,,,,,,"14000US11001001401","Census Tract 14.01",,,,1296,212,577,437,56,14,0,16.36,44.52,33.72,4.32,1.08,0
"11001001402","Census Tract 14.02, District of Columbia, District of Columbia","ACSSF","dc","140","00","0000036",,,,,"11","001",,,"001402",,,,,,,,,,,,,,,,,,,,,,,,,,,,,,,,,,,"14000US11001001402","Census Tract 14.02",,,,1557,386,622,468,68,0,13,24.79,39.95,30.06,4.37,0,0.83
"11001001500","Census Tract 15, District of Columbia, District of Columbia","ACSSF","dc","140","00","0000037",,,,,"11","001",,,"001500",,,,,,,,,,,,,,,,,,,,,,,,,,,,,,,,,,,"14000US11001001500","Census Tract 15",,,,2069,11,524,1230,304,0,0,0.53,25.33,59.45,14.69,0,0
"11001001600","Census Tract 16, District of Columbia, District of Columbia","ACSSF","dc","140","00","0000038",,,,,"11","001",,,"001600",,,,,,,,,,,,,,,,,,,,,,,,,,,,,,,,,,,"14000US11001001600","Census Tract 16",,,,1610,51,585,527,410,5,32,3.17,36.34,32.73,25.47,0.31,1.99
"11001001702","Census Tract 17.02, District of Columbia, District of Columbia","ACSSF","dc","140","00","0000039",,,,,"11","001",,,"001702",,,,,,,,,,,,,,,,,,,,,,,,,,,,,,,,,,,"14000US11001001702","Census Tract 17.02",,,,1721,317,969,389,41,5,0,18.42,56.3,22.6,2.38,0.29,0
"11001001803","Census Tract 18.03, District of Columbia, District of Columbia","ACSSF","dc","140","00","0000040",,,,,"11","001",,,"001803",,,,,,,,,,,,,,,,,,,,,,,,,,,,,,,,,,,"14000US11001001803","Census Tract 18.03",,,,1640,647,754,211,28,0,0,39.45,45.98,12.87,1.71,0,0
"11001001804","Census Tract 18.04, District of Columbia, District of Columbia","ACSSF","dc","140","00","0000041",,,,,"11","001",,,"001804",,,,,,,,,,,,,,,,,,,,,,,,,,,,,,,,,,,"14000US11001001804","Census Tract 18.04",,,,2024,597,1184,158,41,44,0,29.5,58.5,7.81,2.03,2.17,0
"11001001901","Census Tract 19.01, District of Columbia, District of Columbia","ACSSF","dc","140","00","0000042",,,,,"11","001",,,"001901",,,,,,,,,,,,,,,,,,,,,,,,,,,,,,,,,,,"14000US11001001901","Census Tract 19.01",,,,1661,268,856,273,187,77,0,16.13,51.54,16.44,11.26,4.64,0
"11001001902","Census Tract 19.02, District of Columbia, District of Columbia","ACSSF","dc","140","00","0000043",,,,,"11","001",,,"001902",,,,,,,,,,,,,,,,,,,,,,,,,,,,,,,,,,,"14000US11001001902","Census Tract 19.02",,,,864,108,319,351,72,14,0,12.5,36.92,40.62,8.33,1.62,0
"11001002001","Census Tract 20.01, District of Columbia, District of Columbia","ACSSF","dc","140","00","0000044",,,,,"11","001",,,"002001",,,,,,,,,,,,,,,,,,,,,,,,,,,,,,,,,,,"14000US11001002001","Census Tract 20.01",,,,1176,355,529,223,47,16,6,30.19,44.98,18.96,4,1.36,0.51
"11001002002","Census Tract 20.02, District of Columbia, District of Columbia","ACSSF","dc","140","00","0000045",,,,,"11","001",,,"002002",,,,,,,,,,,,,,,,,,,,,,,,,,,,,,,,,,,"14000US11001002002","Census Tract 20.02",,,,1506,181,753,408,104,15,45,12.02,50,27.09,6.91,1,2.99
"11001002101","Census Tract 21.01, District of Columbia, District of Columbia","ACSSF","dc","140","00","0000046",,,,,"11","001",,,"002101",,,,,,,,,,,,,,,,,,,,,,,,,,,,,,,,,,,"14000US11001002101","Census Tract 21.01",,,,2291,544,1084,530,22,92,19,23.75,47.32,23.13,0.96,4.02,0.83
"11001002102","Census Tract 21.02, District of Columbia, District of Columbia","ACSSF","dc","140","00","0000047",,,,,"11","001",,,"002102",,,,,,,,,,,,,,,,,,,,,,,,,,,,,,,,,,,"14000US11001002102","Census Tract 21.02",,,,2256,523,1015,703,15,0,0,23.18,44.99,31.16,0.66,0,0
"11001002201","Census Tract 22.01, District of Columbia, District of Columbia","ACSSF","dc","140","00","0000048",,,,,"11","001",,,"002201",,,,,,,,,,,,,,,,,,,,,,,,,,,,,,,,,,,"14000US11001002201","Census Tract 22.01",,,,934,124,402,270,80,58,0,13.28,43.04,28.91,8.57,6.21,0
"11001002202","Census Tract 22.02, District of Columbia, District of Columbia","ACSSF","dc","140","00","0000049",,,,,"11","001",,,"002202",,,,,,,,,,,,,,,,,,,,,,,,,,,,,,,,,,,"14000US11001002202","Census Tract 22.02",,,,1375,319,615,176,265,0,0,23.2,44.73,12.8,19.27,0,0
"11001002301","Census Tract 23.01, District of Columbia, District of Columbia","ACSSF","dc","140","00","0000050",,,,,"11","001",,,"002301",,,,,,,,,,,,,,,,,,,,,,,,,,,,,,,,,,,"14000US11001002301","Census Tract 23.01",,,,1205,157,619,326,54,6,43,13.03,51.37,27.05,4.48,0.5,3.57
"11001002302","Census Tract 23.02, District of Columbia, District of Columbia","ACSSF","dc","140","00","0000051",,,,,"11","001",,,"002302",,,,,,,,,,,,,,,,,,,,,,,,,,,,,,,,,,,"14000US11001002302","Census Tract 23.02",,,,902,499,271,95,37,0,0,55.32,30.04,10.53,4.1,0,0
"11001002400","Census Tract 24, District of Columbia, District of Columbia","ACSSF","dc","140","00","0000052",,,,,"11","001",,,"002400",,,,,,,,,,,,,,,,,,,,,,,,,,,,,,,,,,,"14000US11001002400","Census Tract 24",,,,1545,360,836,287,28,34,0,23.3,54.11,18.58,1.81,2.2,0
"11001002501","Census Tract 25.01, District of Columbia, District of Columbia","ACSSF","dc","140","00","0000053",,,,,"11","001",,,"002501",,,,,,,,,,,,,,,,,,,,,,,,,,,,,,,,,,,"14000US11001002501","Census Tract 25.01",,,,991,178,242,476,95,0,0,17.96,24.42,48.03,9.59,0,0
"11001002503","Census Tract 25.03, District of Columbia, District of Columbia","ACSSF","dc","140","00","0000054",,,,,"11","001",,,"002503",,,,,,,,,,,,,,,,,,,,,,,,,,,,,,,,,,,"14000US11001002503","Census Tract 25.03",,,,1611,800,671,79,42,19,0,49.66,41.65,4.9,2.61,1.18,0
"11001002504","Census Tract 25.04, District of Columbia, District of Columbia","ACSSF","dc","140","00","0000055",,,,,"11","001",,,"002504",,,,,,,,,,,,,,,,,,,,,,,,,,,,,,,,,,,"14000US11001002504","Census Tract 25.04",,,,1414,286,804,289,21,14,0,20.23,56.86,20.44,1.49,0.99,0
"11001002600","Census Tract 26, District of Columbia, District of Columbia","ACSSF","dc","140","00","0000056",,,,,"11","001",,,"002600",,,,,,,,,,,,,,,,,,,,,,,,,,,,,,,,,,,"14000US11001002600","Census Tract 26",,,,887,115,292,338,108,4,30,12.97,32.92,38.11,12.18,0.45,3.38
"11001002702","Census Tract 27.02, District of Columbia, District of Columbia","ACSSF","dc","140","00","0000057",,,,,"11","001",,,"002702",,,,,,,,,,,,,,,,,,,,,,,,,,,,,,,,,,,"14000US11001002702","Census Tract 27.02",,,,2335,729,1164,324,118,0,0,31.22,49.85,13.88,5.05,0,0
"11001002703","Census Tract 27.03, District of Columbia, District of Columbia","ACSSF","dc","140","00","0000058",,,,,"11","001",,,"002703",,,,,,,,,,,,,,,,,,,,,,,,,,,,,,,,,,,"14000US11001002703","Census Tract 27.03",,,,1180,528,487,105,60,0,0,44.75,41.27,8.9,5.08,0,0
"11001002704","Census Tract 27.04, District of Columbia, District of Columbia","ACSSF","dc","140","00","0000059",,,,,"11","001",,,"002704",,,,,,,,,,,,,,,,,,,,,,,,,,,,,,,,,,,"14000US11001002704","Census Tract 27.04",,,,1749,961,621,152,15,0,0,54.95,35.51,8.69,0.86,0,0
"11001002801","Census Tract 28.01, District of Columbia, District of Columbia","ACSSF","dc","140","00","0000060",,,,,"11","001",,,"002801",,,,,,,,,,,,,,,,,,,,,,,,,,,,,,,,,,,"14000US11001002801","Census Tract 28.01",,,,1798,897,729,137,0,35,0,49.89,40.55,7.62,0,1.95,0
"11001002802","Census Tract 28.02, District of Columbia, District of Columbia","ACSSF","dc","140","00","0000061",,,,,"11","001",,,"002802",,,,,,,,,,,,,,,,,,,,,,,,,,,,,,,,,,,"14000US11001002802","Census Tract 28.02",,,,2715,1743,853,113,6,0,0,64.2,31.42,4.16,0.22,0,0
"11001002900","Census Tract 29, District of Columbia, District of Columbia","ACSSF","dc","140","00","0000062",,,,,"11","001",,,"002900",,,,,,,,,,,,,,,,,,,,,,,,,,,,,,,,,,,"14000US11001002900","Census Tract 29",,,,1675,500,771,326,21,27,30,29.85,46.03,19.46,1.25,1.61,1.79
"11001003000","Census Tract 30, District of Columbia, District of Columbia","ACSSF","dc","140","00","0000063",,,,,"11","001",,,"003000",,,,,,,,,,,,,,,,,,,,,,,,,,,,,,,,,,,"14000US11001003000","Census Tract 30",,,,1665,751,642,201,35,36,0,45.11,38.56,12.07,2.1,2.16,0
"11001003100","Census Tract 31, District of Columbia, District of Columbia","ACSSF","dc","140","00","0000064",,,,,"11","001",,,"003100",,,,,,,,,,,,,,,,,,,,,,,,,,,,,,,,,,,"14000US11001003100","Census Tract 31",,,,1728,634,835,156,45,58,0,36.69,48.32,9.03,2.6,3.36,0
"11001003200","Census Tract 32, District of Columbia, District of Columbia","ACSSF","dc","140","00","0000065",,,,,"11","001",,,"003200",,,,,,,,,,,,,,,,,,,,,,,,,,,,,,,,,,,"14000US11001003200","Census Tract 32",,,,1612,550,661,308,52,41,0,34.12,41,19.11,3.23,2.54,0
"11001003301","Census Tract 33.01, District of Columbia, District of Columbia","ACSSF","dc","140","00","0000066",,,,,"11","001",,,"003301",,,,,,,,,,,,,,,,,,,,,,,,,,,,,,,,,,,"14000US11001003301","Census Tract 33.01",,,,1867,371,895,582,19,0,0,19.87,47.94,31.17,1.02,0,0
"11001003302","Census Tract 33.02, District of Columbia, District of Columbia","ACSSF","dc","140","00","0000067",,,,,"11","001",,,"003302",,,,,,,,,,,,,,,,,,,,,,,,,,,,,,,,,,,"14000US11001003302","Census Tract 33.02",,,,952,146,576,177,22,31,0,15.34,60.5,18.59,2.31,3.26,0
"11001003400","Census Tract 34, District of Columbia, District of Columbia","ACSSF","dc","140","00","0000068",,,,,"11","001",,,"003400",,,,,,,,,,,,,,,,,,,,,,,,,,,,,,,,,,,"14000US11001003400","Census Tract 34",,,,1151,507,432,191,9,12,0,44.05,37.53,16.59,0.78,1.04,0
"11001003500","Census Tract 35, District of Columbia, District of Columbia","ACSSF","dc","140","00","0000069",,,,,"11","001",,,"003500",,,,,,,,,,,,,,,,,,,,,,,,,,,,,,,,,,,"14000US11001003500","Census Tract 35",,,,1481,582,706,142,51,0,0,39.3,47.67,9.59,3.44,0,0
"11001003600","Census Tract 36, District of Columbia, District of Columbia","ACSSF","dc","140","00","0000070",,,,,"11","001",,,"003600",,,,,,,,,,,,,,,,,,,,,,,,,,,,,,,,,,,"14000US11001003600","Census Tract 36",,,,2187,954,958,256,19,0,0,43.62,43.8,11.71,0.87,0,0
"11001003701","Census Tract 37.01, District of Columbia, District of Columbia","ACSSF","dc","140","00","0000071",,,,,"11","001",,,"003701",,,,,,,,,,,,,,,,,,,,,,,,,,,,,,,,,,,"14000US11001003701","Census Tract 37.01",,,,1263,325,875,63,0,0,0,25.73,69.28,4.99,0,0,0
"11001003702","Census Tract 37.02, District of Columbia, District of Columbia","ACSSF","dc","140","00","0000072",,,,,"11","001",,,"003702",,,,,,,,,,,,,,,,,,,,,,,,,,,,,,,,,,,"14000US11001003702","Census Tract 37.02",,,,1474,762,701,11,0,0,0,51.7,47.56,0.75,0,0,0
"11001003801","Census Tract 38.01, District of Columbia, District of Columbia","ACSSF","dc","140","00","0000073",,,,,"11","001",,,"003801",,,,,,,,,,,,,,,,,,,,,,,,,,,,,,,,,,,"14000US11001003801","Census Tract 38.01",,,,1014,332,594,88,0,0,0,32.74,58.58,8.68,0,0,0
"11001003802","Census Tract 38.02, District of Columbia, District of Columbia","ACSSF","dc","140","00","0000074",,,,,"11","001",,,"003802",,,,,,,,,,,,,,,,,,,,,,,,,,,,,,,,,,,"14000US11001003802","Census Tract 38.02",,,,1889,1088,700,14,87,0,0,57.6,37.06,0.74,4.61,0,0
"11001003901","Census Tract 39.01, District of Columbia, District of Columbia","ACSSF","dc","140","00","0000075",,,,,"11","001",,,"003901",,,,,,,,,,,,,,,,,,,,,,,,,,,,,,,,,,,"14000US11001003901","Census Tract 39.01",,,,1752,925,716,111,0,0,0,52.8,40.87,6.34,0,0,0
"11001003902","Census Tract 39.02, District of Columbia, District of Columbia","ACSSF","dc","140","00","0000076",,,,,"11","001",,,"003902",,,,,,,,,,,,,,,,,,,,,,,,,,,,,,,,,,,"14000US11001003902","Census Tract 39.02",,,,970,519,400,26,25,0,0,53.51,41.24,2.68,2.58,0,0
"11001004001","Census Tract 40.01, District of Columbia, District of Columbia","ACSSF","dc","140","00","0000077",,,,,"11","001",,,"004001",,,,,,,,,,,,,,,,,,,,,,,,,,,,,,,,,,,"14000US11001004001","Census Tract 40.01",,,,2493,894,1416,151,32,0,0,35.86,56.8,6.06,1.28,0,0
"11001004002","Census Tract 40.02, District of Columbia, District of Columbia","ACSSF","dc","140","00","0000078",,,,,"11","001",,,"004002",,,,,,,,,,,,,,,,,,,,,,,,,,,,,,,,,,,"14000US11001004002","Census Tract 40.02",,,,2052,1061,925,66,0,0,0,51.71,45.08,3.22,0,0,0
"11001004100","Census Tract 41, District of Columbia, District of Columbia","ACSSF","dc","140","00","0000079",,,,,"11","001",,,"004100",,,,,,,,,,,,,,,,,,,,,,,,,,,,,,,,,,,"14000US11001004100","Census Tract 41",,,,1322,442,655,216,9,0,0,33.43,49.55,16.34,0.68,0,0
"11001004201","Census Tract 42.01, District of Columbia, District of Columbia","ACSSF","dc","140","00","0000080",,,,,"11","001",,,"004201",,,,,,,,,,,,,,,,,,,,,,,,,,,,,,,,,,,"14000US11001004201","Census Tract 42.01",,,,1891,1105,658,118,10,0,0,58.43,34.8,6.24,0.53,0,0
"11001004202","Census Tract 42.02, District of Columbia, District of Columbia","ACSSF","dc","140","00","0000081",,,,,"11","001",,,"004202",,,,,,,,,,,,,,,,,,,,,,,,,,,,,,,,,,,"14000US11001004202","Census Tract 42.02",,,,1539,933,492,114,0,0,0,60.62,31.97,7.41,0,0,0
"11001004300","Census Tract 43, District of Columbia, District of Columbia","ACSSF","dc","140","00","0000082",,,,,"11","001",,,"004300",,,,,,,,,,,,,,,,,,,,,,,,,,,,,,,,,,,"14000US11001004300","Census Tract 43",,,,2460,1444,845,169,2,0,0,58.7,34.35,6.87,0.08,0,0
"11001004401","Census Tract 44.01, District of Columbia, District of Columbia","ACSSF","dc","140","00","0000083",,,,,"11","001",,,"004401",,,,,,,,,,,,,,,,,,,,,,,,,,,,,,,,,,,"14000US11001004401","Census Tract 44.01",,,,1743,726,905,112,0,0,0,41.65,51.92,6.43,0,0,0
"11001004402","Census Tract 44.02, District of Columbia, District of Columbia","ACSSF","dc","140","00","0000084",,,,,"11","001",,,"004402",,,,,,,,,,,,,,,,,,,,,,,,,,,,,,,,,,,"14000US11001004402","Census Tract 44.02",,,,1120,252,524,313,31,0,0,22.5,46.79,27.95,2.77,0,0
"11001004600","Census Tract 46, District of Columbia, District of Columbia","ACSSF","dc","140","00","0000085",,,,,"11","001",,,"004600",,,,,,,,,,,,,,,,,,,,,,,,,,,,,,,,,,,"14000US11001004600","Census Tract 46",,,,1510,310,870,273,57,0,0,20.53,57.62,18.08,3.77,0,0
"11001004702","Census Tract 47.02, District of Columbia, District of Columbia","ACSSF","dc","140","00","0000086",,,,,"11","001",,,"004702",,,,,,,,,,,,,,,,,,,,,,,,,,,,,,,,,,,"14000US11001004702","Census Tract 47.02",,,,2285,1171,993,121,0,0,0,51.25,43.46,5.3,0,0,0
"11001004703","Census Tract 47.03, District of Columbia, District of Columbia","ACSSF","dc","140","00","0000087",,,,,"11","001",,,"004703",,,,,,,,,,,,,,,,,,,,,,,,,,,,,,,,,,,"14000US11001004703","Census Tract 47.03",,,,1791,964,781,46,0,0,0,53.82,43.61,2.57,0,0,0
"11001004704","Census Tract 47.04, District of Columbia, District of Columbia","ACSSF","dc","140","00","0000088",,,,,"11","001",,,"004704",,,,,,,,,,,,,,,,,,,,,,,,,,,,,,,,,,,"14000US11001004704","Census Tract 47.04",,,,732,473,259,0,0,0,0,64.62,35.38,0,0,0,0
"11001004801","Census Tract 48.01, District of Columbia, District of Columbia","ACSSF","dc","140","00","0000089",,,,,"11","001",,,"004801",,,,,,,,,,,,,,,,,,,,,,,,,,,,,,,,,,,"14000US11001004801","Census Tract 48.01",,,,1422,488,792,108,11,0,23,34.32,55.7,7.59,0.77,0,1.62
"11001004802","Census Tract 48.02, District of Columbia, District of Columbia","ACSSF","dc","140","00","0000090",,,,,"11","001",,,"004802",,,,,,,,,,,,,,,,,,,,,,,,,,,,,,,,,,,"14000US11001004802","Census Tract 48.02",,,,1634,645,868,92,29,0,0,39.47,53.12,5.63,1.77,0,0
"11001004901","Census Tract 49.01, District of Columbia, District of Columbia","ACSSF","dc","140","00","0000091",,,,,"11","001",,,"004901",,,,,,,,,,,,,,,,,,,,,,,,,,,,,,,,,,,"14000US11001004901","Census Tract 49.01",,,,1835,678,1002,138,9,8,0,36.95,54.6,7.52,0.49,0.44,0
"11001004902","Census Tract 49.02, District of Columbia, District of Columbia","ACSSF","dc","140","00","0000092",,,,,"11","001",,,"004902",,,,,,,,,,,,,,,,,,,,,,,,,,,,,,,,,,,"14000US11001004902","Census Tract 49.02",,,,2092,1054,892,134,12,0,0,50.38,42.64,6.41,0.57,0,0
"11001005001","Census Tract 50.01, District of Columbia, District of Columbia","ACSSF","dc","140","00","0000093",,,,,"11","001",,,"005001",,,,,,,,,,,,,,,,,,,,,,,,,,,,,,,,,,,"14000US11001005001","Census Tract 50.01",,,,1074,587,412,55,20,0,0,54.66,38.36,5.12,1.86,0,0
"11001005003","Census Tract 50.03, District of Columbia, District of Columbia","ACSSF","dc","140","00","0000094",,,,,"11","001",,,"005003",,,,,,,,,,,,,,,,,,,,,,,,,,,,,,,,,,,"14000US11001005003","Census Tract 50.03",,,,1090,569,521,0,0,0,0,52.2,47.8,0,0,0,0
"11001005004","Census Tract 50.04, District of Columbia, District of Columbia","ACSSF","dc","140","00","0000095",,,,,"11","001",,,"005004",,,,,,,,,,,,,,,,,,,,,,,,,,,,,,,,,,,"14000US11001005004","Census Tract 50.04",,,,2358,1357,920,81,0,0,0,57.55,39.02,3.44,0,0,0
"11001005202","Census Tract 52.02, District of Columbia, District of Columbia","ACSSF","dc","140","00","0000096",,,,,"11","001",,,"005202",,,,,,,,,,,,,,,,,,,,,,,,,,,,,,,,,,,"14000US11001005202","Census Tract 52.02",,,,1964,1155,677,113,19,0,0,58.81,34.47,5.75,0.97,0,0
"11001005203","Census Tract 52.03, District of Columbia, District of Columbia","ACSSF","dc","140","00","0000097",,,,,"11","001",,,"005203",,,,,,,,,,,,,,,,,,,,,,,,,,,,,,,,,,,"14000US11001005203","Census Tract 52.03",,,,2473,1662,629,146,36,0,0,67.21,25.43,5.9,1.46,0,0
"11001005302","Census Tract 53.02, District of Columbia, District of Columbia","ACSSF","dc","140","00","0000098",,,,,"11","001",,,"005302",,,,,,,,,,,,,,,,,,,,,,,,,,,,,,,,,,,"14000US11001005302","Census Tract 53.02",,,,1615,936,475,204,0,0,0,57.96,29.41,12.63,0,0,0
"11001005303","Census Tract 53.03, District of Columbia, District of Columbia","ACSSF","dc","140","00","0000099",,,,,"11","001",,,"005303",,,,,,,,,,,,,,,,,,,,,,,,,,,,,,,,,,,"14000US11001005303","Census Tract 53.03",,,,2001,1244,685,72,0,0,0,62.17,34.23,3.6,0,0,0
"11001005501","Census Tract 55.01, District of Columbia, District of Columbia","ACSSF","dc","140","00","0000100",,,,,"11","001",,,"005501",,,,,,,,,,,,,,,,,,,,,,,,,,,,,,,,,,,"14000US11001005501","Census Tract 55.01",,,,1170,632,367,171,0,0,0,54.02,31.37,14.62,0,0,0
"11001005502","Census Tract 55.02, District of Columbia, District of Columbia","ACSSF","dc","140","00","0000101",,,,,"11","001",,,"005502",,,,,,,,,,,,,,,,,,,,,,,,,,,,,,,,,,,"14000US11001005502","Census Tract 55.02",,,,1594,775,786,33,0,0,0,48.62,49.31,2.07,0,0,0
"11001005503","Census Tract 55.03, District of Columbia, District of Columbia","ACSSF","dc","140","00","0000102",,,,,"11","001",,,"005503",,,,,,,,,,,,,,,,,,,,,,,,,,,,,,,,,,,"14000US11001005503","Census Tract 55.03",,,,1151,701,450,0,0,0,0,60.9,39.1,0,0,0,0
"11001005601","Census Tract 56.01, District of Columbia, District of Columbia","ACSSF","dc","140","00","0000103",,,,,"11","001",,,"005601",,,,,,,,,,,,,,,,,,,,,,,,,,,,,,,,,,,"14000US11001005601","Census Tract 56.01",,,,1792,1204,516,72,0,0,0,67.19,28.79,4.02,0,0,0
"11001005602","Census Tract 56.02, District of Columbia, District of Columbia","ACSSF","dc","140","00","0000104",,,,,"11","001",,,"005602",,,,,,,,,,,,,,,,,,,,,,,,,,,,,,,,,,,"14000US11001005602","Census Tract 56.02",,,,1823,916,833,74,0,0,0,50.25,45.69,4.06,0,0,0
"11001005801","Census Tract 58.01, District of Columbia, District of Columbia","ACSSF","dc","140","00","0000105",,,,,"11","001",,,"005801",,,,,,,,,,,,,,,,,,,,,,,,,,,,,,,,,,,"14000US11001005801","Census Tract 58.01",,,,1182,652,530,0,0,0,0,55.16,44.84,0,0,0,0
"11001005802","Census Tract 58.02, District of Columbia, District of Columbia","ACSSF","dc","140","00","0000106",,,,,"11","001",,,"005802",,,,,,,,,,,,,,,,,,,,,,,,,,,,,,,,,,,"14000US11001005802","Census Tract 58.02",,,,1421,693,670,58,0,0,0,48.77,47.15,4.08,0,0,0
"11001005900","Census Tract 59, District of Columbia, District of Columbia","ACSSF","dc","140","00","0000107",,,,,"11","001",,,"005900",,,,,,,,,,,,,,,,,,,,,,,,,,,,,,,,,,,"14000US11001005900","Census Tract 59",,,,1368,777,554,31,6,0,0,56.8,40.5,2.27,0.44,0,0
"11001006400","Census Tract 64, District of Columbia, District of Columbia","ACSSF","dc","140","00","0000108",,,,,"11","001",,,"006400",,,,,,,,,,,,,,,,,,,,,,,,,,,,,,,,,,,"14000US11001006400","Census Tract 64",,,,1319,808,442,60,9,0,0,61.26,33.51,4.55,0.68,0,0
"11001006500","Census Tract 65, District of Columbia, District of Columbia","ACSSF","dc","140","00","0000109",,,,,"11","001",,,"006500",,,,,,,,,,,,,,,,,,,,,,,,,,,,,,,,,,,"14000US11001006500","Census Tract 65",,,,1335,292,750,217,67,9,0,21.87,56.18,16.25,5.02,0.67,0
"11001006600","Census Tract 66, District of Columbia, District of Columbia","ACSSF","dc","140","00","0000110",,,,,"11","001",,,"006600",,,,,,,,,,,,,,,,,,,,,,,,,,,,,,,,,,,"14000US11001006600","Census Tract 66",,,,1096,246,651,179,5,15,0,22.45,59.4,16.33,0.46,1.37,0
"11001006700","Census Tract 67, District of Columbia, District of Columbia","ACSSF","dc","140","00","0000111",,,,,"11","001",,,"006700",,,,,,,,,,,,,,,,,,,,,,,,,,,,,,,,,,,"14000US11001006700","Census Tract 67",,,,2070,373,1293,339,54,11,0,18.02,62.46,16.38,2.61,0.53,0
"11001006801","Census Tract 68.01, District of Columbia, District of Columbia","ACSSF","dc","140","00","0000112",,,,,"11","001",,,"006801",,,,,,,,,,,,,,,,,,,,,,,,,,,,,,,,,,,"14000US11001006801","Census Tract 68.01",,,,1027,206,650,155,16,0,0,20.06,63.29,15.09,1.56,0,0
"11001006802","Census Tract 68.02, District of Columbia, District of Columbia","ACSSF","dc","140","00","0000113",,,,,"11","001",,,"006802",,,,,,,,,,,,,,,,,,,,,,,,,,,,,,,,,,,"14000US11001006802","Census Tract 68.02",,,,1025,131,709,147,36,2,0,12.78,69.17,14.34,3.51,0.2,0
"11001006804","Census Tract 68.04, District of Columbia, District of Columbia","ACSSF","dc","140","00","0000114",,,,,"11","001",,,"006804",,,,,,,,,,,,,,,,,,,,,,,,,,,,,,,,,,,"14000US11001006804","Census Tract 68.04",,,,29,0,24,5,0,0,0,0,82.76,17.24,0,0,0
"11001006900","Census Tract 69, District of Columbia, District of Columbia","ACSSF","dc","140","00","0000115",,,,,"11","001",,,"006900",,,,,,,,,,,,,,,,,,,,,,,,,,,,,,,,,,,"14000US11001006900","Census Tract 69",,,,1235,199,784,246,6,0,0,16.11,63.48,19.92,0.49,0,0
"11001007000","Census Tract 70, District of Columbia, District of Columbia","ACSSF","dc","140","00","0000116",,,,,"11","001",,,"007000",,,,,,,,,,,,,,,,,,,,,,,,,,,,,,,,,,,"14000US11001007000","Census Tract 70",,,,1069,113,625,324,7,0,0,10.57,58.47,30.31,0.65,0,0
"11001007100","Census Tract 71, District of Columbia, District of Columbia","ACSSF","dc","140","00","0000117",,,,,"11","001",,,"007100",,,,,,,,,,,,,,,,,,,,,,,,,,,,,,,,,,,"14000US11001007100","Census Tract 71",,,,1389,495,762,107,2,0,23,35.64,54.86,7.7,0.14,0,1.66
"11001007201","Census Tract 72.01, District of Columbia, District of Columbia","ACSSF","dc","140","00","0000118",,,,,"11","001",,,"007201",,,,,,,,,,,,,,,,,,,,,,,,,,,,,,,,,,,"14000US11001007201","Census Tract 72.01",,,,1361,557,678,126,0,0,0,40.93,49.82,9.26,0,0,0
"11001007202","Census Tract 72.02, District of Columbia, District of Columbia","ACSSF","dc","140","00","0000119",,,,,"11","001",,,"007202",,,,,,,,,,,,,,,,,,,,,,,,,,,,,,,,,,,"14000US11001007202","Census Tract 72.02",,,,2399,655,1447,297,0,0,0,27.3,60.32,12.38,0,0,0
"11001007203","Census Tract 72.03, District of Columbia, District of Columbia","ACSSF","dc","140","00","0000120",,,,,"11","001",,,"007203",,,,,,,,,,,,,,,,,,,,,,,,,,,,,,,,,,,"14000US11001007203","Census Tract 72.03",,,,1512,500,803,203,6,0,0,33.07,53.11,13.43,0.4,0,0
"11001007301","Census Tract 73.01, District of Columbia, District of Columbia","ACSSF","dc","140","00","0000121",,,,,"11","001",,,"007301",,,,,,,,,,,,,,,,,,,,,,,,,,,,,,,,,,,"14000US11001007301","Census Tract 73.01",,,,1384,38,438,839,69,0,0,2.75,31.65,60.62,4.99,0,0
"11001007304","Census Tract 73.04, District of Columbia, District of Columbia","ACSSF","dc","140","00","0000122",,,,,"11","001",,,"007304",,,,,,,,,,,,,,,,,,,,,,,,,,,,,,,,,,,"14000US11001007304","Census Tract 73.04",,,,1927,1041,744,133,9,0,0,54.02,38.61,6.9,0.47,0,0
"11001007401","Census Tract 74.01, District of Columbia, District of Columbia","ACSSF","dc","140","00","0000123",,,,,"11","001",,,"007401",,,,,,,,,,,,,,,,,,,,,,,,,,,,,,,,,,,"14000US11001007401","Census Tract 74.01",,,,818,551,244,23,0,0,0,67.36,29.83,2.81,0,0,0
"11001007403","Census Tract 74.03, District of Columbia, District of Columbia","ACSSF","dc","140","00","0000124",,,,,"11","001",,,"007403",,,,,,,,,,,,,,,,,,,,,,,,,,,,,,,,,,,"14000US11001007403","Census Tract 74.03",,,,983,602,282,93,0,6,0,61.24,28.69,9.46,0,0.61,0
"11001007404","Census Tract 74.04, District of Columbia, District of Columbia","ACSSF","dc","140","00","0000125",,,,,"11","001",,,"007404",,,,,,,,,,,,,,,,,,,,,,,,,,,,,,,,,,,"14000US11001007404","Census Tract 74.04",,,,1321,457,638,145,73,8,0,34.6,48.3,10.98,5.53,0.61,0
"11001007406","Census Tract 74.06, District of Columbia, District of Columbia","ACSSF","dc","140","00","0000126",,,,,"11","001",,,"007406",,,,,,,,,,,,,,,,,,,,,,,,,,,,,,,,,,,"14000US11001007406","Census Tract 74.06",,,,1299,480,730,81,8,0,0,36.95,56.2,6.24,0.62,0,0
"11001007407","Census Tract 74.07, District of Columbia, District of Columbia","ACSSF","dc","140","00","0000127",,,,,"11","001",,,"007407",,,,,,,,,,,,,,,,,,,,,,,,,,,,,,,,,,,"14000US11001007407","Census Tract 74.07",,,,1412,438,774,184,16,0,0,31.02,54.82,13.03,1.13,0,0
"11001007408","Census Tract 74.08, District of Columbia, District of Columbia","ACSSF","dc","140","00","0000128",,,,,"11","001",,,"007408",,,,,,,,,,,,,,,,,,,,,,,,,,,,,,,,,,,"14000US11001007408","Census Tract 74.08",,,,1393,685,427,281,0,0,0,49.17,30.65,20.17,0,0,0
"11001007409","Census Tract 74.09, District of Columbia, District of Columbia","ACSSF","dc","140","00","0000129",,,,,"11","001",,,"007409",,,,,,,,,,,,,,,,,,,,,,,,,,,,,,,,,,,"14000US11001007409","Census Tract 74.09",,,,1874,1039,631,169,0,7,28,55.44,33.67,9.02,0,0.37,1.49
"11001007502","Census Tract 75.02, District of Columbia, District of Columbia","ACSSF","dc","140","00","0000130",,,,,"11","001",,,"007502",,,,,,,,,,,,,,,,,,,,,,,,,,,,,,,,,,,"14000US11001007502","Census Tract 75.02",,,,1818,995,631,117,75,0,0,54.73,34.71,6.44,4.13,0,0
"11001007503","Census Tract 75.03, District of Columbia, District of Columbia","ACSSF","dc","140","00","0000131",,,,,"11","001",,,"007503",,,,,,,,,,,,,,,,,,,,,,,,,,,,,,,,,,,"14000US11001007503","Census Tract 75.03",,,,872,387,251,117,91,19,7,44.38,28.78,13.42,10.44,2.18,0.8
"11001007504","Census Tract 75.04, District of Columbia, District of Columbia","ACSSF","dc","140","00","0000132",,,,,"11","001",,,"007504",,,,,,,,,,,,,,,,,,,,,,,,,,,,,,,,,,,"14000US11001007504","Census Tract 75.04",,,,1254,603,550,69,32,0,0,48.09,43.86,5.5,2.55,0,0
"11001007601","Census Tract 76.01, District of Columbia, District of Columbia","ACSSF","dc","140","00","0000133",,,,,"11","001",,,"007601",,,,,,,,,,,,,,,,,,,,,,,,,,,,,,,,,,,"14000US11001007601","Census Tract 76.01",,,,2214,616,983,534,45,12,24,27.82,44.4,24.12,2.03,0.54,1.08
"11001007603","Census Tract 76.03, District of Columbia, District of Columbia","ACSSF","dc","140","00","0000134",,,,,"11","001",,,"007603",,,,,,,,,,,,,,,,,,,,,,,,,,,,,,,,,,,"14000US11001007603","Census Tract 76.03",,,,2244,698,1103,425,18,0,0,31.11,49.15,18.94,0.8,0,0
"11001007604","Census Tract 76.04, District of Columbia, District of Columbia","ACSSF","dc","140","00","0000135",,,,,"11","001",,,"007604",,,,,,,,,,,,,,,,,,,,,,,,,,,,,,,,,,,"14000US11001007604","Census Tract 76.04",,,,1809,476,747,443,105,26,12,26.31,41.29,24.49,5.8,1.44,0.66
"11001007605","Census Tract 76.05, District of Columbia, District of Columbia","ACSSF","dc","140","00","0000136",,,,,"11","001",,,"007605",,,,,,,,,,,,,,,,,,,,,,,,,,,,,,,,,,,"14000US11001007605","Census Tract 76.05",,,,1883,869,798,175,31,10,0,46.15,42.38,9.29,1.65,0.53,0
"11001007703","Census Tract 77.03, District of Columbia, District of Columbia","ACSSF","dc","140","00","0000137",,,,,"11","001",,,"007703",,,,,,,,,,,,,,,,,,,,,,,,,,,,,,,,,,,"14000US11001007703","Census Tract 77.03",,,,2298,870,761,370,89,208,0,37.86,33.12,16.1,3.87,9.05,0
"11001007707","Census Tract 77.07, District of Columbia, District of Columbia","ACSSF","dc","140","00","0000138",,,,,"11","001",,,"007707",,,,,,,,,,,,,,,,,,,,,,,,,,,,,,,,,,,"14000US11001007707","Census Tract 77.07",,,,1822,714,598,437,73,0,0,39.19,32.82,23.98,4.01,0,0
"11001007708","Census Tract 77.08, District of Columbia, District of Columbia","ACSSF","dc","140","00","0000139",,,,,"11","001",,,"007708",,,,,,,,,,,,,,,,,,,,,,,,,,,,,,,,,,,"14000US11001007708","Census Tract 77.08",,,,1064,624,374,66,0,0,0,58.65,35.15,6.2,0,0,0
"11001007709","Census Tract 77.09, District of Columbia, District of Columbia","ACSSF","dc","140","00","0000140",,,,,"11","001",,,"007709",,,,,,,,,,,,,,,,,,,,,,,,,,,,,,,,,,,"14000US11001007709","Census Tract 77.09",,,,1185,647,414,82,22,20,0,54.6,34.94,6.92,1.86,1.69,0
"11001007803","Census Tract 78.03, District of Columbia, District of Columbia","ACSSF","dc","140","00","0000141",,,,,"11","001",,,"007803",,,,,,,,,,,,,,,,,,,,,,,,,,,,,,,,,,,"14000US11001007803","Census Tract 78.03",,,,2304,811,945,472,66,0,10,35.2,41.02,20.49,2.86,0,0.43
"11001007804","Census Tract 78.04, District of Columbia, District of Columbia","ACSSF","dc","140","00","0000142",,,,,"11","001",,,"007804",,,,,,,,,,,,,,,,,,,,,,,,,,,,,,,,,,,"14000US11001007804","Census Tract 78.04",,,,1284,398,676,183,0,0,27,31,52.65,14.25,0,0,2.1
"11001007806","Census Tract 78.06, District of Columbia, District of Columbia","ACSSF","dc","140","00","0000143",,,,,"11","001",,,"007806",,,,,,,,,,,,,,,,,,,,,,,,,,,,,,,,,,,"14000US11001007806","Census Tract 78.06",,,,1192,330,574,142,146,0,0,27.68,48.15,11.91,12.25,0,0
"11001007807","Census Tract 78.07, District of Columbia, District of Columbia","ACSSF","dc","140","00","0000144",,,,,"11","001",,,"007807",,,,,,,,,,,,,,,,,,,,,,,,,,,,,,,,,,,"14000US11001007807","Census Tract 78.07",,,,888,284,398,107,82,17,0,31.98,44.82,12.05,9.23,1.91,0
"11001007808","Census Tract 78.08, District of Columbia, District of Columbia","ACSSF","dc","140","00","0000145",,,,,"11","001",,,"007808",,,,,,,,,,,,,,,,,,,,,,,,,,,,,,,,,,,"14000US11001007808","Census Tract 78.08",,,,1600,428,800,300,64,8,0,26.75,50,18.75,4,0.5,0
"11001007809","Census Tract 78.09, District of Columbia, District of Columbia","ACSSF","dc","140","00","0000146",,,,,"11","001",,,"007809",,,,,,,,,,,,,,,,,,,,,,,,,,,,,,,,,,,"14000US11001007809","Census Tract 78.09",,,,1128,358,533,147,34,56,0,31.74,47.25,13.03,3.01,4.96,0
"11001007901","Census Tract 79.01, District of Columbia, District of Columbia","ACSSF","dc","140","00","0000147",,,,,"11","001",,,"007901",,,,,,,,,,,,,,,,,,,,,,,,,,,,,,,,,,,"14000US11001007901","Census Tract 79.01",,,,1759,531,865,277,52,22,12,30.19,49.18,15.75,2.96,1.25,0.68
"11001007903","Census Tract 79.03, District of Columbia, District of Columbia","ACSSF","dc","140","00","0000148",,,,,"11","001",,,"007903",,,,,,,,,,,,,,,,,,,,,,,,,,,,,,,,,,,"14000US11001007903","Census Tract 79.03",,,,795,159,362,224,36,0,14,20,45.53,28.18,4.53,0,1.76
"11001008001","Census Tract 80.01, District of Columbia, District of Columbia","ACSSF","dc","140","00","0000149",,,,,"11","001",,,"008001",,,,,,,,,,,,,,,,,,,,,,,,,,,,,,,,,,,"14000US11001008001","Census Tract 80.01",,,,1423,164,911,327,21,0,0,11.52,64.02,22.98,1.48,0,0
"11001008002","Census Tract 80.02, District of Columbia, District of Columbia","ACSSF","dc","140","00","0000150",,,,,"11","001",,,"008002",,,,,,,,,,,,,,,,,,,,,,,,,,,,,,,,,,,"14000US11001008002","Census Tract 80.02",,,,1509,289,916,252,31,21,0,19.15,60.7,16.7,2.05,1.39,0
"11001008100","Census Tract 81, District of Columbia, District of Columbia","ACSSF","dc","140","00","0000151",,,,,"11","001",,,"008100",,,,,,,,,,,,,,,,,,,,,,,,,,,,,,,,,,,"14000US11001008100","Census Tract 81",,,,1534,234,907,279,97,17,0,15.25,59.13,18.19,6.32,1.11,0
"11001008200","Census Tract 82, District of Columbia, District of Columbia","ACSSF","dc","140","00","0000152",,,,,"11","001",,,"008200",,,,,,,,,,,,,,,,,,,,,,,,,,,,,,,,,,,"14000US11001008200","Census Tract 82",,,,1387,470,743,136,27,0,11,33.89,53.57,9.81,1.95,0,0.79
"11001008301","Census Tract 83.01, District of Columbia, District of Columbia","ACSSF","dc","140","00","0000153",,,,,"11","001",,,"008301",,,,,,,,,,,,,,,,,,,,,,,,,,,,,,,,,,,"14000US11001008301","Census Tract 83.01",,,,1410,362,647,364,37,0,0,25.67,45.89,25.82,2.62,0,0
"11001008302","Census Tract 83.02, District of Columbia, District of Columbia","ACSSF","dc","140","00","0000154",,,,,"11","001",,,"008302",,,,,,,,,,,,,,,,,,,,,,,,,,,,,,,,,,,"14000US11001008302","Census Tract 83.02",,,,1221,287,664,241,17,12,0,23.51,54.38,19.74,1.39,0.98,0
"11001008402","Census Tract 84.02, District of Columbia, District of Columbia","ACSSF","dc","140","00","0000155",,,,,"11","001",,,"008402",,,,,,,,,,,,,,,,,,,,,,,,,,,,,,,,,,,"14000US11001008402","Census Tract 84.02",,,,1297,405,573,319,0,0,0,31.23,44.18,24.6,0,0,0
"11001008410","Census Tract 84.10, District of Columbia, District of Columbia","ACSSF","dc","140","00","0000156",,,,,"11","001",,,"008410",,,,,,,,,,,,,,,,,,,,,,,,,,,,,,,,,,,"14000US11001008410","Census Tract 84.10",,,,778,116,499,133,18,12,0,14.91,64.14,17.1,2.31,1.54,0
"11001008701","Census Tract 87.01, District of Columbia, District of Columbia","ACSSF","dc","140","00","0000157",,,,,"11","001",,,"008701",,,,,,,,,,,,,,,,,,,,,,,,,,,,,,,,,,,"14000US11001008701","Census Tract 87.01",,,,1133,288,428,386,30,1,0,25.42,37.78,34.07,2.65,0.09,0
"11001008702","Census Tract 87.02, District of Columbia, District of Columbia","ACSSF","dc","140","00","0000158",,,,,"11","001",,,"008702",,,,,,,,,,,,,,,,,,,,,,,,,,,,,,,,,,,"14000US11001008702","Census Tract 87.02",,,,1905,739,1065,60,41,0,0,38.79,55.91,3.15,2.15,0,0
"11001008802","Census Tract 88.02, District of Columbia, District of Columbia","ACSSF","dc","140","00","0000159",,,,,"11","001",,,"008802",,,,,,,,,,,,,,,,,,,,,,,,,,,,,,,,,,,"14000US11001008802","Census Tract 88.02",,,,1700,544,833,269,54,0,0,32,49,15.82,3.18,0,0
"11001008803","Census Tract 88.03, District of Columbia, District of Columbia","ACSSF","dc","140","00","0000160",,,,,"11","001",,,"008803",,,,,,,,,,,,,,,,,,,,,,,,,,,,,,,,,,,"14000US11001008803","Census Tract 88.03",,,,1351,656,564,125,6,0,0,48.56,41.75,9.25,0.44,0,0
"11001008804","Census Tract 88.04, District of Columbia, District of Columbia","ACSSF","dc","140","00","0000161",,,,,"11","001",,,"008804",,,,,,,,,,,,,,,,,,,,,,,,,,,,,,,,,,,"14000US11001008804","Census Tract 88.04",,,,1547,468,952,94,24,9,0,30.25,61.54,6.08,1.55,0.58,0
"11001008903","Census Tract 89.03, District of Columbia, District of Columbia","ACSSF","dc","140","00","0000162",,,,,"11","001",,,"008903",,,,,,,,,,,,,,,,,,,,,,,,,,,,,,,,,,,"14000US11001008903","Census Tract 89.03",,,,1689,670,742,104,74,0,99,39.67,43.93,6.16,4.38,0,5.86
"11001008904","Census Tract 89.04, District of Columbia, District of Columbia","ACSSF","dc","140","00","0000163",,,,,"11","001",,,"008904",,,,,,,,,,,,,,,,,,,,,,,,,,,,,,,,,,,"14000US11001008904","Census Tract 89.04",,,,1933,812,996,69,56,0,0,42.01,51.53,3.57,2.9,0,0
"11001009000","Census Tract 90, District of Columbia, District of Columbia","ACSSF","dc","140","00","0000164",,,,,"11","001",,,"009000",,,,,,,,,,,,,,,,,,,,,,,,,,,,,,,,,,,"14000US11001009000","Census Tract 90",,,,2275,629,1383,158,10,95,0,27.65,60.79,6.95,0.44,4.18,0
"11001009102","Census Tract 91.02, District of Columbia, District of Columbia","ACSSF","dc","140","00","0000165",,,,,"11","001",,,"009102",,,,,,,,,,,,,,,,,,,,,,,,,,,,,,,,,,,"14000US11001009102","Census Tract 91.02",,,,1989,711,864,345,30,30,9,35.75,43.44,17.35,1.51,1.51,0.45
"11001009201","Census Tract 92.01, District of Columbia, District of Columbia","ACSSF","dc","140","00","0000166",,,,,"11","001",,,"009201",,,,,,,,,,,,,,,,,,,,,,,,,,,,,,,,,,,"14000US11001009201","Census Tract 92.01",,,,1150,295,633,207,15,0,0,25.65,55.04,18,1.3,0,0
"11001009203","Census Tract 92.03, District of Columbia, District of Columbia","ACSSF","dc","140","00","0000167",,,,,"11","001",,,"009203",,,,,,,,,,,,,,,,,,,,,,,,,,,,,,,,,,,"14000US11001009203","Census Tract 92.03",,,,1483,498,615,275,0,95,0,33.58,41.47,18.54,0,6.41,0
"11001009204","Census Tract 92.04, District of Columbia, District of Columbia","ACSSF","dc","140","00","0000168",,,,,"11","001",,,"009204",,,,,,,,,,,,,,,,,,,,,,,,,,,,,,,,,,,"14000US11001009204","Census Tract 92.04",,,,1492,651,591,250,0,0,0,43.63,39.61,16.76,0,0,0
"11001009301","Census Tract 93.01, District of Columbia, District of Columbia","ACSSF","dc","140","00","0000169",,,,,"11","001",,,"009301",,,,,,,,,,,,,,,,,,,,,,,,,,,,,,,,,,,"14000US11001009301","Census Tract 93.01",,,,1491,97,928,378,79,9,0,6.51,62.24,25.35,5.3,0.6,0
"11001009302","Census Tract 93.02, District of Columbia, District of Columbia","ACSSF","dc","140","00","0000170",,,,,"11","001",,,"009302",,,,,,,,,,,,,,,,,,,,,,,,,,,,,,,,,,,"14000US11001009302","Census Tract 93.02",,,,792,199,361,198,34,0,0,25.13,45.58,25,4.29,0,0
"11001009400","Census Tract 94, District of Columbia, District of Columbia","ACSSF","dc","140","00","0000171",,,,,"11","001",,,"009400",,,,,,,,,,,,,,,,,,,,,,,,,,,,,,,,,,,"14000US11001009400","Census Tract 94",,,,1817,342,614,583,228,27,23,18.82,33.79,32.09,12.55,1.49,1.27
"11001009503","Census Tract 95.03, District of Columbia, District of Columbia","ACSSF","dc","140","00","0000172",,,,,"11","001",,,"009503",,,,,,,,,,,,,,,,,,,,,,,,,,,,,,,,,,,"14000US11001009503","Census Tract 95.03",,,,1109,11,484,491,88,35,0,0.99,43.64,44.27,7.94,3.16,0
"11001009504","Census Tract 95.04, District of Columbia, District of Columbia","ACSSF","dc","140","00","0000173",,,,,"11","001",,,"009504",,,,,,,,,,,,,,,,,,,,,,,,,,,,,,,,,,,"14000US11001009504","Census Tract 95.04",,,,1248,182,753,240,73,0,0,14.58,60.34,19.23,5.85,0,0
"11001009505","Census Tract 95.05, District of Columbia, District of Columbia","ACSSF","dc","140","00","0000174",,,,,"11","001",,,"009505",,,,,,,,,,,,,,,,,,,,,,,,,,,,,,,,,,,"14000US11001009505","Census Tract 95.05",,,,1797,342,905,469,35,46,0,19.03,50.36,26.1,1.95,2.56,0
"11001009507","Census Tract 95.07, District of Columbia, District of Columbia","ACSSF","dc","140","00","0000175",,,,,"11","001",,,"009507",,,,,,,,,,,,,,,,,,,,,,,,,,,,,,,,,,,"14000US11001009507","Census Tract 95.07",,,,628,62,242,264,45,15,0,9.87,38.54,42.04,7.17,2.39,0
"11001009508","Census Tract 95.08, District of Columbia, District of Columbia","ACSSF","dc","140","00","0000176",,,,,"11","001",,,"009508",,,,,,,,,,,,,,,,,,,,,,,,,,,,,,,,,,,"14000US11001009508","Census Tract 95.08",,,,1648,541,548,434,55,0,70,32.83,33.25,26.33,3.34,0,4.25
"11001009509","Census Tract 95.09, District of Columbia, District of Columbia","ACSSF","dc","140","00","0000177",,,,,"11","001",,,"009509",,,,,,,,,,,,,,,,,,,,,,,,,,,,,,,,,,,"14000US11001009509","Census Tract 95.09",,,,1400,298,460,481,161,0,0,21.29,32.86,34.36,11.5,0,0
"11001009510","Census Tract 95.10, District of Columbia, District of Columbia","ACSSF","dc","140","00","0000178",,,,,"11","001",,,"009510",,,,,,,,,,,,,,,,,,,,,,,,,,,,,,,,,,,"14000US11001009510","Census Tract 95.10",,,,1873,737,798,318,20,0,0,39.35,42.61,16.98,1.07,0,0
"11001009511","Census Tract 95.11, District of Columbia, District of Columbia","ACSSF","dc","140","00","0000179",,,,,"11","001",,,"009511",,,,,,,,,,,,,,,,,,,,,,,,,,,,,,,,,,,"14000US11001009511","Census Tract 95.11",,,,0,0,0,0,0,0,0,,,,,,
"11001009601","Census Tract 96.01, District of Columbia, District of Columbia","ACSSF","dc","140","00","0000180",,,,,"11","001",,,"009601",,,,,,,,,,,,,,,,,,,,,,,,,,,,,,,,,,,"14000US11001009601","Census Tract 96.01",,,,869,318,392,118,41,0,0,36.59,45.11,13.58,4.72,0,0
"11001009602","Census Tract 96.02, District of Columbia, District of Columbia","ACSSF","dc","140","00","0000181",,,,,"11","001",,,"009602",,,,,,,,,,,,,,,,,,,,,,,,,,,,,,,,,,,"14000US11001009602","Census Tract 96.02",,,,2197,1202,684,223,58,26,4,54.71,31.13,10.15,2.64,1.18,0.18
"11001009603","Census Tract 96.03, District of Columbia, District of Columbia","ACSSF","dc","140","00","0000182",,,,,"11","001",,,"009603",,,,,,,,,,,,,,,,,,,,,,,,,,,,,,,,,,,"14000US11001009603","Census Tract 96.03",,,,1913,740,737,345,81,0,10,38.68,38.53,18.03,4.23,0,0.52
"11001009604","Census Tract 96.04, District of Columbia, District of Columbia","ACSSF","dc","140","00","0000183",,,,,"11","001",,,"009604",,,,,,,,,,,,,,,,,,,,,,,,,,,,,,,,,,,"14000US11001009604","Census Tract 96.04",,,,892,209,397,249,24,13,0,23.43,44.51,27.91,2.69,1.46,0
"11001009700","Census Tract 97, District of Columbia, District of Columbia","ACSSF","dc","140","00","0000184",,,,,"11","001",,,"009700",,,,,,,,,,,,,,,,,,,,,,,,,,,,,,,,,,,"14000US11001009700","Census Tract 97",,,,1764,410,1113,162,26,45,8,23.24,63.1,9.18,1.47,2.55,0.45
"11001009801","Census Tract 98.01, District of Columbia, District of Columbia","ACSSF","dc","140","00","0000185",,,,,"11","001",,,"009801",,,,,,,,,,,,,,,,,,,,,,,,,,,,,,,,,,,"14000US11001009801","Census Tract 98.01",,,,1130,669,383,78,0,0,0,59.2,33.89,6.9,0,0,0
"11001009802","Census Tract 98.02, District of Columbia, District of Columbia","ACSSF","dc","140","00","0000186",,,,,"11","001",,,"009802",,,,,,,,,,,,,,,,,,,,,,,,,,,,,,,,,,,"14000US11001009802","Census Tract 98.02",,,,841,513,185,118,13,12,0,61,22,14.03,1.55,1.43,0
"11001009803","Census Tract 98.03, District of Columbia, District of Columbia","ACSSF","dc","140","00","0000187",,,,,"11","001",,,"009803",,,,,,,,,,,,,,,,,,,,,,,,,,,,,,,,,,,"14000US11001009803","Census Tract 98.03",,,,1493,768,526,84,75,23,17,51.44,35.23,5.63,5.02,1.54,1.14
"11001009804","Census Tract 98.04, District of Columbia, District of Columbia","ACSSF","dc","140","00","0000188",,,,,"11","001",,,"009804",,,,,,,,,,,,,,,,,,,,,,,,,,,,,,,,,,,"14000US11001009804","Census Tract 98.04",,,,968,331,517,103,17,0,0,34.19,53.41,10.64,1.76,0,0
"11001009807","Census Tract 98.07, District of Columbia, District of Columbia","ACSSF","dc","140","00","0000189",,,,,"11","001",,,"009807",,,,,,,,,,,,,,,,,,,,,,,,,,,,,,,,,,,"14000US11001009807","Census Tract 98.07",,,,1615,862,359,287,60,7,40,53.37,22.23,17.77,3.72,0.43,2.48
"11001009810","Census Tract 98.10, District of Columbia, District of Columbia","ACSSF","dc","140","00","0000190",,,,,"11","001",,,"009810",,,,,,,,,,,,,,,,,,,,,,,,,,,,,,,,,,,"14000US11001009810","Census Tract 98.10",,,,1258,610,605,19,24,0,0,48.49,48.09,1.51,1.91,0,0
"11001009811","Census Tract 98.11, District of Columbia, District of Columbia","ACSSF","dc","140","00","0000191",,,,,"11","001",,,"009811",,,,,,,,,,,,,,,,,,,,,,,,,,,,,,,,,,,"14000US11001009811","Census Tract 98.11",,,,1844,895,836,78,35,0,0,48.54,45.34,4.23,1.9,0,0
"11001009901","Census Tract 99.01, District of Columbia, District of Columbia","ACSSF","dc","140","00","0000192",,,,,"11","001",,,"009901",,,,,,,,,,,,,,,,,,,,,,,,,,,,,,,,,,,"14000US11001009901","Census Tract 99.01",,,,976,169,372,286,123,26,0,17.32,38.11,29.3,12.6,2.66,0
"11001009902","Census Tract 99.02, District of Columbia, District of Columbia","ACSSF","dc","140","00","0000193",,,,,"11","001",,,"009902",,,,,,,,,,,,,,,,,,,,,,,,,,,,,,,,,,,"14000US11001009902","Census Tract 99.02",,,,1311,195,789,262,58,0,7,14.87,60.18,19.98,4.42,0,0.53
"11001009903","Census Tract 99.03, District of Columbia, District of Columbia","ACSSF","dc","140","00","0000194",,,,,"11","001",,,"009903",,,,,,,,,,,,,,,,,,,,,,,,,,,,,,,,,,,"14000US11001009903","Census Tract 99.03",,,,671,71,354,210,36,0,0,10.58,52.76,31.3,5.37,0,0
"11001009904","Census Tract 99.04, District of Columbia, District of Columbia","ACSSF","dc","140","00","0000195",,,,,"11","001",,,"009904",,,,,,,,,,,,,,,,,,,,,,,,,,,,,,,,,,,"14000US11001009904","Census Tract 99.04",,,,1235,366,624,195,50,0,0,29.64,50.53,15.79,4.05,0,0
"11001009905","Census Tract 99.05, District of Columbia, District of Columbia","ACSSF","dc","140","00","0000196",,,,,"11","001",,,"009905",,,,,,,,,,,,,,,,,,,,,,,,,,,,,,,,,,,"14000US11001009905","Census Tract 99.05",,,,1351,564,383,326,11,51,16,41.75,28.35,24.13,0.81,3.77,1.18
"11001009906","Census Tract 99.06, District of Columbia, District of Columbia","ACSSF","dc","140","00","0000197",,,,,"11","001",,,"009906",,,,,,,,,,,,,,,,,,,,,,,,,,,,,,,,,,,"14000US11001009906","Census Tract 99.06",,,,907,355,314,219,16,3,0,39.14,34.62,24.15,1.76,0.33,0
"11001009907","Census Tract 99.07, District of Columbia, District of Columbia","ACSSF","dc","140","00","0000198",,,,,"11","001",,,"009907",,,,,,,,,,,,,,,,,,,,,,,,,,,,,,,,,,,"14000US11001009907","Census Tract 99.07",,,,1019,427,506,75,11,0,0,41.9,49.66,7.36,1.08,0,0
"11001010100","Census Tract 101, District of Columbia, District of Columbia","ACSSF","dc","140","00","0000199",,,,,"11","001",,,"010100",,,,,,,,,,,,,,,,,,,,,,,,,,,,,,,,,,,"14000US11001010100","Census Tract 101",,,,1854,1221,548,85,0,0,0,65.86,29.56,4.58,0,0,0
"11001010201","Census Tract 102.01, District of Columbia, District of Columbia","ACSSF","dc","140","00","0000200",,,,,"11","001",,,"010201",,,,,,,,,,,,,,,,,,,,,,,,,,,,,,,,,,,"14000US11001010201","Census Tract 102.01",,,,1728,828,821,79,0,0,0,47.92,47.51,4.57,0,0,0
"11001010202","Census Tract 102.02, District of Columbia, District of Columbia","ACSSF","dc","140","00","0000201",,,,,"11","001",,,"010202",,,,,,,,,,,,,,,,,,,,,,,,,,,,,,,,,,,"14000US11001010202","Census Tract 102.02",,,,1158,351,608,199,0,0,0,30.31,52.5,17.18,0,0,0
"11001010300","Census Tract 103, District of Columbia, District of Columbia","ACSSF","dc","140","00","0000202",,,,,"11","001",,,"010300",,,,,,,,,,,,,,,,,,,,,,,,,,,,,,,,,,,"14000US11001010300","Census Tract 103",,,,1515,356,623,353,91,92,0,23.5,41.12,23.3,6.01,6.07,0
"11001010400","Census Tract 104, District of Columbia, District of Columbia","ACSSF","dc","140","00","0000203",,,,,"11","001",,,"010400",,,,,,,,,,,,,,,,,,,,,,,,,,,,,,,,,,,"14000US11001010400","Census Tract 104",,,,2283,1030,951,202,100,0,0,45.12,41.66,8.85,4.38,0,0
"11001010500","Census Tract 105, District of Columbia, District of Columbia","ACSSF","dc","140","00","0000204",,,,,"11","001",,,"010500",,,,,,,,,,,,,,,,,,,,,,,,,,,,,,,,,,,"14000US11001010500","Census Tract 105",,,,2402,1100,1057,245,0,0,0,45.8,44,10.2,0,0,0
"11001010601","Census Tract 106.01, District of Columbia, District of Columbia","ACSSF","dc","140","00","0000205",,,,,"11","001",,,"010601",,,,,,,,,,,,,,,,,,,,,,,,,,,,,,,,,,,"14000US11001010601","Census Tract 106.01",,,,1181,651,460,70,0,0,0,55.12,38.95,5.93,0,0,0
"11001010602","Census Tract 106.02, District of Columbia, District of Columbia","ACSSF","dc","140","00","0000206",,,,,"11","001",,,"010602",,,,,,,,,,,,,,,,,,,,,,,,,,,,,,,,,,,"14000US11001010602","Census Tract 106.02",,,,2611,660,1585,366,0,0,0,25.28,60.7,14.02,0,0,0
"11001010603","Census Tract 106.03, District of Columbia, District of Columbia","ACSSF","dc","140","00","0000207",,,,,"11","001",,,"010603",,,,,,,,,,,,,,,,,,,,,,,,,,,,,,,,,,,"14000US11001010603","Census Tract 106.03",,,,1616,879,710,27,0,0,0,54.39,43.94,1.67,0,0,0
"11001010700","Census Tract 107, District of Columbia, District of Columbia","ACSSF","dc","140","00","0000208",,,,,"11","001",,,"010700",,,,,,,,,,,,,,,,,,,,,,,,,,,,,,,,,,,"14000US11001010700","Census Tract 107",,,,1201,846,328,27,0,0,0,70.44,27.31,2.25,0,0,0
"11001010800","Census Tract 108, District of Columbia, District of Columbia","ACSSF","dc","140","00","0000209",,,,,"11","001",,,"010800",,,,,,,,,,,,,,,,,,,,,,,,,,,,,,,,,,,"14000US11001010800","Census Tract 108",,,,768,639,108,14,0,0,7,83.2,14.06,1.82,0,0,0.91
"11001010900","Census Tract 109, District of Columbia, District of Columbia","ACSSF","dc","140","00","0000210",,,,,"11","001",,,"010900",,,,,,,,,,,,,,,,,,,,,,,,,,,,,,,,,,,"14000US11001010900","Census Tract 109",,,,1293,620,478,161,34,0,0,47.95,36.97,12.45,2.63,0,0
"11001011001","Census Tract 110.01, District of Columbia, District of Columbia","ACSSF","dc","140","00","0000211",,,,,"11","001",,,"011001",,,,,,,,,,,,,,,,,,,,,,,,,,,,,,,,,,,"14000US11001011001","Census Tract 110.01",,,,1459,374,810,196,79,0,0,25.63,55.52,13.43,5.41,0,0
"11001011002","Census Tract 110.02, District of Columbia, District of Columbia","ACSSF","dc","140","00","0000212",,,,,"11","001",,,"011002",,,,,,,,,,,,,,,,,,,,,,,,,,,,,,,,,,,"14000US11001011002","Census Tract 110.02",,,,1077,434,519,124,0,0,0,40.3,48.19,11.51,0,0,0
"11001011100","Census Tract 111, District of Columbia, District of Columbia","ACSSF","dc","140","00","0000213",,,,,"11","001",,,"011100",,,,,,,,,,,,,,,,,,,,,,,,,,,,,,,,,,,"14000US11001011100","Census Tract 111",,,,1941,634,691,465,119,23,9,32.66,35.6,23.96,6.13,1.18,0.46
"11001980000","Census Tract 9800, District of Columbia, District of Columbia","ACSSF","dc","140","00","0000214",,,,,"11","001",,,"980000",,,,,,,,,,,,,,,,,,,,,,,,,,,,,,,,,,,"14000US11001980000","Census Tract 9800",,,,5,0,5,0,0,0,0,0,100,0,0,0,0
