Geo_FIPS,Geo_QName,Geo_FILEID,Geo_STUSAB,Geo_SUMLEV,Geo_GEOCOMP,Geo_LOGRECNO,Geo_US,Geo_REGION,Geo_DIVISION,Geo_STATECE,Geo_STATE,Geo_COUNTY,Geo_COUSUB,Geo_PLACE,Geo_TRACT,Geo_BLKGRP,Geo_CONCIT,Geo_AIANHH,Geo_AIANHHFP,Geo_AIHHTLI,Geo_AITSCE,Geo_AITS,Geo_ANRC,Geo_CBSA,Geo_CSA,Geo_METDIV,Geo_MACC,Geo_MEMI,Geo_NECTA,Geo_CNECTA,Geo_NECTADIV,Geo_UA,Geo_UACP,Geo_CDCURR,Geo_SLDU,Geo_SLDL,Geo_VTD,Geo_ZCTA3,Geo_ZCTA5,Geo_SUBMCD,Geo_SDELM,Geo_SDSEC,Geo_SDUNI,Geo_UR,Geo_PCI,Geo_TAZ,Geo_UGA,Geo_PUMA5,Geo_PUMA1,Geo_GEOID,Geo_NAME,Geo_BTTR,Geo_BTBG,Geo_PLACESE,SE_A00002_001,SE_A00002_002,SE_A00002_003
"11001000101","Census Tract 1.01, District of Columbia, District of Columbia","ACSSF","dc","140","00","0000009",,,,,"11","001",,,"000101",,,,,,,,,,,,,,,,,,,,,,,,,,,,,,,,,,,"14000US11001000101","Census Tract 1.01",,,,1250,16205.58,0.0771339481109565
"11001000102","Census Tract 1.02, District of Columbia, District of Columbia","ACSSF","dc","140","00","0000010",,,,,"11","001",,,"000102",,,,,,,,,,,,,,,,,,,,,,,,,,,,,,,,,,,"14000US11001000102","Census Tract 1.02",,,,3318,5035.84,0.658877183986953
"11001000201","Census Tract 2.01, District of Columbia, District of Columbia","ACSSF","dc","140","00","0000011",,,,,"11","001",,,"000201",,,,,,,,,,,,,,,,,,,,,,,,,,,,,,,,,,,"14000US11001000201","Census Tract 2.01",,,,3972,20370.99,0.19498314277904
"11001000202","Census Tract 2.02, District of Columbia, District of Columbia","ACSSF","dc","140","00","0000012",,,,,"11","001",,,"000202",,,,,,,,,,,,,,,,,,,,,,,,,,,,,,,,,,,"14000US11001000202","Census Tract 2.02",,,,4665,15561.24,0.29978324223896
"11001000300","Census Tract 3, District of Columbia, District of Columbia","ACSSF","dc","140","00","0000013",,,,,"11","001",,,"000300",,,,,,,,,,,,,,,,,,,,,,,,,,,,,,,,,,,"14000US11001000300","Census Tract 3",,,,6504,16163.86,0.402379084381858
"11001000400","Census Tract 4, District of Columbia, District of Columbia","ACSSF","dc","140","00","0000014",,,,,"11","001",,,"000400",,,,,,,,,,,,,,,,,,,,,,,,,,,,,,,,,,,"14000US11001000400","Census Tract 4",,,,1481,2488.759,0.595075730080603
"11001000501","Census Tract 5.01, District of Columbia, District of Columbia","ACSSF","dc","140","00","0000015",,,,,"11","001",,,"000501",,,,,,,,,,,,,,,,,,,,,,,,,,,,,,,,,,,"14000US11001000501","Census Tract 5.01",,,,3343,9208.55,0.363032183932899
"11001000502","Census Tract 5.02, District of Columbia, District of Columbia","ACSSF","dc","140","00","0000016",,,,,"11","001",,,"000502",,,,,,,,,,,,,,,,,,,,,,,,,,,,,,,,,,,"14000US11001000502","Census Tract 5.02",,,,3580,15945.05,0.224521117472359
"11001000600","Census Tract 6, District of Columbia, District of Columbia","ACSSF","dc","140","00","0000017",,,,,"11","001",,,"000600",,,,,,,,,,,,,,,,,,,,,,,,,,,,,,,,,,,"14000US11001000600","Census Tract 6",,,,4942,8877.197,0.55670721254307
"11001000702","Census Tract 7.02, District of Columbia, District of Columbia","ACSSF","dc","140","00","0000018",,,,,"11","001",,,"000702",,,,,,,,,,,,,,,,,,,,,,,,,,,,,,,,,,,"14000US11001000702","Census Tract 7.02",,,,2971,24905.1,0.119292830700374
"11001000703","Census Tract 7.03, District of Columbia, District of Columbia","ACSSF","dc","140","00","0000019",,,,,"11","001",,,"000703",,,,,,,,,,,,,,,,,,,,,,,,,,,,,,,,,,,"14000US11001000703","Census Tract 7.03",,,,3345,37320.68,0.0896286005958329
"11001000704","Census Tract 7.04, District of Columbia, District of Columbia","ACSSF","dc","140","00","0000020",,,,,"11","001",,,"000704",,,,,,,,,,,,,,,,,,,,,,,,,,,,,,,,,,,"14000US11001000704","Census Tract 7.04",,,,2896,22568.66,0.128319513449483
"11001000802","Census Tract 8.02, District of Columbia, District of Columbia","ACSSF","dc","140","00","0000021",,,,,"11","001",,,"000802",,,,,,,,,,,,,,,,,,,,,,,,,,,,,,,,,,,"14000US11001000802","Census Tract 8.02",,,,3487,5348.445,0.651965182850268
"11001000803","Census Tract 8.03, District of Columbia, District of Columbia","ACSSF","dc","140","00","0000022",,,,,"11","001",,,"000803",,,,,,,,,,,,,,,,,,,,,,,,,,,,,,,,,,,"14000US11001000803","Census Tract 8.03",,,,2523,21205.5,0.118978543529931
"11001000804","Census Tract 8.04, District of Columbia, District of Columbia","ACSSF","dc","140","00","0000023",,,,,"11","001",,,"000804",,,,,,,,,,,,,,,,,,,,,,,,,,,,,,,,,,,"14000US11001000804","Census Tract 8.04",,,,3948,3983.715,0.991034707496714
"11001000902","Census Tract 9.02, District of Columbia, District of Columbia","ACSSF","dc","140","00","0000024",,,,,"11","001",,,"000902",,,,,,,,,,,,,,,,,,,,,,,,,,,,,,,,,,,"14000US11001000902","Census Tract 9.02",,,,2372,3290.36,0.720893687538321
"11001000903","Census Tract 9.03, District of Columbia, District of Columbia","ACSSF","dc","140","00","0000025",,,,,"11","001",,,"000903",,,,,,,,,,,,,,,,,,,,,,,,,,,,,,,,,,,"14000US11001000903","Census Tract 9.03",,,,4149,11578.33,0.358341814711111
"11001000904","Census Tract 9.04, District of Columbia, District of Columbia","ACSSF","dc","140","00","0000026",,,,,"11","001",,,"000904",,,,,,,,,,,,,,,,,,,,,,,,,,,,,,,,,,,"14000US11001000904","Census Tract 9.04",,,,3232,4134.341,0.781744934725566
"11001001002","Census Tract 10.02, District of Columbia, District of Columbia","ACSSF","dc","140","00","0000027",,,,,"11","001",,,"001002",,,,,,,,,,,,,,,,,,,,,,,,,,,,,,,,,,,"14000US11001001002","Census Tract 10.02",,,,3489,10156.51,0.34352359933714
"11001001003","Census Tract 10.03, District of Columbia, District of Columbia","ACSSF","dc","140","00","0000028",,,,,"11","001",,,"001003",,,,,,,,,,,,,,,,,,,,,,,,,,,,,,,,,,,"14000US11001001003","Census Tract 10.03",,,,2987,7874.411,0.379329942841434
"11001001004","Census Tract 10.04, District of Columbia, District of Columbia","ACSSF","dc","140","00","0000029",,,,,"11","001",,,"001004",,,,,,,,,,,,,,,,,,,,,,,,,,,,,,,,,,,"14000US11001001004","Census Tract 10.04",,,,4605,8102.923,0.568313443923292
"11001001100","Census Tract 11, District of Columbia, District of Columbia","ACSSF","dc","140","00","0000030",,,,,"11","001",,,"001100",,,,,,,,,,,,,,,,,,,,,,,,,,,,,,,,,,,"14000US11001001100","Census Tract 11",,,,4782,7386.946,0.647358211698278
"11001001200","Census Tract 12, District of Columbia, District of Columbia","ACSSF","dc","140","00","0000031",,,,,"11","001",,,"001200",,,,,,,,,,,,,,,,,,,,,,,,,,,,,,,,,,,"14000US11001001200","Census Tract 12",,,,5135,10908.42,0.470737316157449
"11001001301","Census Tract 13.01, District of Columbia, District of Columbia","ACSSF","dc","140","00","0000032",,,,,"11","001",,,"001301",,,,,,,,,,,,,,,,,,,,,,,,,,,,,,,,,,,"14000US11001001301","Census Tract 13.01",,,,4567,4142.347,1.10251514678833
"11001001303","Census Tract 13.03, District of Columbia, District of Columbia","ACSSF","dc","140","00","0000033",,,,,"11","001",,,"001303",,,,,,,,,,,,,,,,,,,,,,,,,,,,,,,,,,,"14000US11001001303","Census Tract 13.03",,,,3433,9995.075,0.343469158930466
"11001001304","Census Tract 13.04, District of Columbia, District of Columbia","ACSSF","dc","140","00","0000034",,,,,"11","001",,,"001304",,,,,,,,,,,,,,,,,,,,,,,,,,,,,,,,,,,"14000US11001001304","Census Tract 13.04",,,,4200,15382.7,0.273034083555599
"11001001401","Census Tract 14.01, District of Columbia, District of Columbia","ACSSF","dc","140","00","0000035",,,,,"11","001",,,"001401",,,,,,,,,,,,,,,,,,,,,,,,,,,,,,,,,,,"14000US11001001401","Census Tract 14.01",,,,3641,11965.75,0.304285193599353
"11001001402","Census Tract 14.02, District of Columbia, District of Columbia","ACSSF","dc","140","00","0000036",,,,,"11","001",,,"001402",,,,,,,,,,,,,,,,,,,,,,,,,,,,,,,,,,,"14000US11001001402","Census Tract 14.02",,,,3476,10056.64,0.345642141971314
"11001001500","Census Tract 15, District of Columbia, District of Columbia","ACSSF","dc","140","00","0000037",,,,,"11","001",,,"001500",,,,,,,,,,,,,,,,,,,,,,,,,,,,,,,,,,,"14000US11001001500","Census Tract 15",,,,6016,3326.002,1.80877826460972
"11001001600","Census Tract 16, District of Columbia, District of Columbia","ACSSF","dc","140","00","0000038",,,,,"11","001",,,"001600",,,,,,,,,,,,,,,,,,,,,,,,,,,,,,,,,,,"14000US11001001600","Census Tract 16",,,,5014,4868.139,1.02996230098363
"11001001702","Census Tract 17.02, District of Columbia, District of Columbia","ACSSF","dc","140","00","0000039",,,,,"11","001",,,"001702",,,,,,,,,,,,,,,,,,,,,,,,,,,,,,,,,,,"14000US11001001702","Census Tract 17.02",,,,3667,10111.29,0.362663842457957
"11001001803","Census Tract 18.03, District of Columbia, District of Columbia","ACSSF","dc","140","00","0000040",,,,,"11","001",,,"001803",,,,,,,,,,,,,,,,,,,,,,,,,,,,,,,,,,,"14000US11001001803","Census Tract 18.03",,,,4161,9484.33,0.43872365431809
"11001001804","Census Tract 18.04, District of Columbia, District of Columbia","ACSSF","dc","140","00","0000041",,,,,"11","001",,,"001804",,,,,,,,,,,,,,,,,,,,,,,,,,,,,,,,,,,"14000US11001001804","Census Tract 18.04",,,,5803,24976.45,0.232338914311572
"11001001901","Census Tract 19.01, District of Columbia, District of Columbia","ACSSF","dc","140","00","0000042",,,,,"11","001",,,"001901",,,,,,,,,,,,,,,,,,,,,,,,,,,,,,,,,,,"14000US11001001901","Census Tract 19.01",,,,4220,14207.32,0.297029947629101
"11001001902","Census Tract 19.02, District of Columbia, District of Columbia","ACSSF","dc","140","00","0000043",,,,,"11","001",,,"001902",,,,,,,,,,,,,,,,,,,,,,,,,,,,,,,,,,,"14000US11001001902","Census Tract 19.02",,,,2460,7262.096,0.338745198819454
"11001002001","Census Tract 20.01, District of Columbia, District of Columbia","ACSSF","dc","140","00","0000044",,,,,"11","001",,,"002001",,,,,,,,,,,,,,,,,,,,,,,,,,,,,,,,,,,"14000US11001002001","Census Tract 20.01",,,,3578,14646.16,0.244296112568861
"11001002002","Census Tract 20.02, District of Columbia, District of Columbia","ACSSF","dc","140","00","0000045",,,,,"11","001",,,"002002",,,,,,,,,,,,,,,,,,,,,,,,,,,,,,,,,,,"14000US11001002002","Census Tract 20.02",,,,4440,13538.82,0.327945920984962
"11001002101","Census Tract 21.01, District of Columbia, District of Columbia","ACSSF","dc","140","00","0000046",,,,,"11","001",,,"002101",,,,,,,,,,,,,,,,,,,,,,,,,,,,,,,,,,,"14000US11001002101","Census Tract 21.01",,,,5693,24534.11,0.232044318352054
"11001002102","Census Tract 21.02, District of Columbia, District of Columbia","ACSSF","dc","140","00","0000047",,,,,"11","001",,,"002102",,,,,,,,,,,,,,,,,,,,,,,,,,,,,,,,,,,"14000US11001002102","Census Tract 21.02",,,,5607,20003.53,0.280300526488926
"11001002201","Census Tract 22.01, District of Columbia, District of Columbia","ACSSF","dc","140","00","0000048",,,,,"11","001",,,"002201",,,,,,,,,,,,,,,,,,,,,,,,,,,,,,,,,,,"14000US11001002201","Census Tract 22.01",,,,3557,22189.76,0.160299198297444
"11001002202","Census Tract 22.02, District of Columbia, District of Columbia","ACSSF","dc","140","00","0000049",,,,,"11","001",,,"002202",,,,,,,,,,,,,,,,,,,,,,,,,,,,,,,,,,,"14000US11001002202","Census Tract 22.02",,,,3223,11943.9,0.269844879590176
"11001002301","Census Tract 23.01, District of Columbia, District of Columbia","ACSSF","dc","140","00","0000050",,,,,"11","001",,,"002301",,,,,,,,,,,,,,,,,,,,,,,,,,,,,,,,,,,"14000US11001002301","Census Tract 23.01",,,,3439,21847.99,0.157405748598063
"11001002302","Census Tract 23.02, District of Columbia, District of Columbia","ACSSF","dc","140","00","0000051",,,,,"11","001",,,"002302",,,,,,,,,,,,,,,,,,,,,,,,,,,,,,,,,,,"14000US11001002302","Census Tract 23.02",,,,1624,2091.646,0.776422130141143
"11001002400","Census Tract 24, District of Columbia, District of Columbia","ACSSF","dc","140","00","0000052",,,,,"11","001",,,"002400",,,,,,,,,,,,,,,,,,,,,,,,,,,,,,,,,,,"14000US11001002400","Census Tract 24",,,,4061,18903.29,0.214830338982266
"11001002501","Census Tract 25.01, District of Columbia, District of Columbia","ACSSF","dc","140","00","0000053",,,,,"11","001",,,"002501",,,,,,,,,,,,,,,,,,,,,,,,,,,,,,,,,,,"14000US11001002501","Census Tract 25.01",,,,3392,16165.38,0.209831088020485
"11001002503","Census Tract 25.03, District of Columbia, District of Columbia","ACSSF","dc","140","00","0000054",,,,,"11","001",,,"002503",,,,,,,,,,,,,,,,,,,,,,,,,,,,,,,,,,,"14000US11001002503","Census Tract 25.03",,,,3158,28000.83,0.11278237582568
"11001002504","Census Tract 25.04, District of Columbia, District of Columbia","ACSSF","dc","140","00","0000055",,,,,"11","001",,,"002504",,,,,,,,,,,,,,,,,,,,,,,,,,,,,,,,,,,"14000US11001002504","Census Tract 25.04",,,,3867,32129.64,0.120356156090298
"11001002600","Census Tract 26, District of Columbia, District of Columbia","ACSSF","dc","140","00","0000056",,,,,"11","001",,,"002600",,,,,,,,,,,,,,,,,,,,,,,,,,,,,,,,,,,"14000US11001002600","Census Tract 26",,,,2746,3376.828,0.813189095856815
"11001002702","Census Tract 27.02, District of Columbia, District of Columbia","ACSSF","dc","140","00","0000057",,,,,"11","001",,,"002702",,,,,,,,,,,,,,,,,,,,,,,,,,,,,,,,,,,"14000US11001002702","Census Tract 27.02",,,,6055,32738.32,0.18495143606843
"11001002703","Census Tract 27.03, District of Columbia, District of Columbia","ACSSF","dc","140","00","0000058",,,,,"11","001",,,"002703",,,,,,,,,,,,,,,,,,,,,,,,,,,,,,,,,,,"14000US11001002703","Census Tract 27.03",,,,2567,40573.52,0.0632678607005129
"11001002704","Census Tract 27.04, District of Columbia, District of Columbia","ACSSF","dc","140","00","0000059",,,,,"11","001",,,"002704",,,,,,,,,,,,,,,,,,,,,,,,,,,,,,,,,,,"14000US11001002704","Census Tract 27.04",,,,4084,35814.81,0.1140310302596
"11001002801","Census Tract 28.01, District of Columbia, District of Columbia","ACSSF","dc","140","00","0000060",,,,,"11","001",,,"002801",,,,,,,,,,,,,,,,,,,,,,,,,,,,,,,,,,,"14000US11001002801","Census Tract 28.01",,,,4104,61830.67,0.0663748249026636
"11001002802","Census Tract 28.02, District of Columbia, District of Columbia","ACSSF","dc","140","00","0000061",,,,,"11","001",,,"002802",,,,,,,,,,,,,,,,,,,,,,,,,,,,,,,,,,,"14000US11001002802","Census Tract 28.02",,,,5063,57088.98,0.0886861251866804
"11001002900","Census Tract 29, District of Columbia, District of Columbia","ACSSF","dc","140","00","0000062",,,,,"11","001",,,"002900",,,,,,,,,,,,,,,,,,,,,,,,,,,,,,,,,,,"14000US11001002900","Census Tract 29",,,,4450,38337.39,0.116074669071826
"11001003000","Census Tract 30, District of Columbia, District of Columbia","ACSSF","dc","140","00","0000063",,,,,"11","001",,,"003000",,,,,,,,,,,,,,,,,,,,,,,,,,,,,,,,,,,"14000US11001003000","Census Tract 30",,,,4211,51778.61,0.0813270177313563
"11001003100","Census Tract 31, District of Columbia, District of Columbia","ACSSF","dc","140","00","0000064",,,,,"11","001",,,"003100",,,,,,,,,,,,,,,,,,,,,,,,,,,,,,,,,,,"14000US11001003100","Census Tract 31",,,,3825,33376.25,0.114602461478586
"11001003200","Census Tract 32, District of Columbia, District of Columbia","ACSSF","dc","140","00","0000065",,,,,"11","001",,,"003200",,,,,,,,,,,,,,,,,,,,,,,,,,,,,,,,,,,"14000US11001003200","Census Tract 32",,,,5201,30072.91,0.172946361141442
"11001003301","Census Tract 33.01, District of Columbia, District of Columbia","ACSSF","dc","140","00","0000066",,,,,"11","001",,,"003301",,,,,,,,,,,,,,,,,,,,,,,,,,,,,,,,,,,"14000US11001003301","Census Tract 33.01",,,,4195,24574.78,0.17070349360692
"11001003302","Census Tract 33.02, District of Columbia, District of Columbia","ACSSF","dc","140","00","0000067",,,,,"11","001",,,"003302",,,,,,,,,,,,,,,,,,,,,,,,,,,,,,,,,,,"14000US11001003302","Census Tract 33.02",,,,2195,27835.43,0.0788563499135903
"11001003400","Census Tract 34, District of Columbia, District of Columbia","ACSSF","dc","140","00","0000068",,,,,"11","001",,,"003400",,,,,,,,,,,,,,,,,,,,,,,,,,,,,,,,,,,"14000US11001003400","Census Tract 34",,,,5014,14247.72,0.351915916212739
"11001003500","Census Tract 35, District of Columbia, District of Columbia","ACSSF","dc","140","00","0000069",,,,,"11","001",,,"003500",,,,,,,,,,,,,,,,,,,,,,,,,,,,,,,,,,,"14000US11001003500","Census Tract 35",,,,4852,32895.11,0.14749913899215
"11001003600","Census Tract 36, District of Columbia, District of Columbia","ACSSF","dc","140","00","0000070",,,,,"11","001",,,"003600",,,,,,,,,,,,,,,,,,,,,,,,,,,,,,,,,,,"14000US11001003600","Census Tract 36",,,,4858,41169.84,0.11799900231198
"11001003701","Census Tract 37.01, District of Columbia, District of Columbia","ACSSF","dc","140","00","0000071",,,,,"11","001",,,"003701",,,,,,,,,,,,,,,,,,,,,,,,,,,,,,,,,,,"14000US11001003701","Census Tract 37.01",,,,2302,34495.21,0.0667338999254051
"11001003702","Census Tract 37.02, District of Columbia, District of Columbia","ACSSF","dc","140","00","0000072",,,,,"11","001",,,"003702",,,,,,,,,,,,,,,,,,,,,,,,,,,,,,,,,,,"14000US11001003702","Census Tract 37.02",,,,2518,54559.36,0.046151565180997
"11001003801","Census Tract 38.01, District of Columbia, District of Columbia","ACSSF","dc","140","00","0000073",,,,,"11","001",,,"003801",,,,,,,,,,,,,,,,,,,,,,,,,,,,,,,,,,,"14000US11001003801","Census Tract 38.01",,,,1677,29164.49,0.0575014247170257
"11001003802","Census Tract 38.02, District of Columbia, District of Columbia","ACSSF","dc","140","00","0000074",,,,,"11","001",,,"003802",,,,,,,,,,,,,,,,,,,,,,,,,,,,,,,,,,,"14000US11001003802","Census Tract 38.02",,,,3221,40265.04,0.0799949652276381
"11001003901","Census Tract 39.01, District of Columbia, District of Columbia","ACSSF","dc","140","00","0000075",,,,,"11","001",,,"003901",,,,,,,,,,,,,,,,,,,,,,,,,,,,,,,,,,,"14000US11001003901","Census Tract 39.01",,,,2561,54947.27,0.0466083240540111
"11001003902","Census Tract 39.02, District of Columbia, District of Columbia","ACSSF","dc","140","00","0000076",,,,,"11","001",,,"003902",,,,,,,,,,,,,,,,,,,,,,,,,,,,,,,,,,,"14000US11001003902","Census Tract 39.02",,,,2274,22098.86,0.102901248963316
"11001004001","Census Tract 40.01, District of Columbia, District of Columbia","ACSSF","dc","140","00","0000077",,,,,"11","001",,,"004001",,,,,,,,,,,,,,,,,,,,,,,,,,,,,,,,,,,"14000US11001004001","Census Tract 40.01",,,,4785,45724.73,0.104647975202974
"11001004002","Census Tract 40.02, District of Columbia, District of Columbia","ACSSF","dc","140","00","0000078",,,,,"11","001",,,"004002",,,,,,,,,,,,,,,,,,,,,,,,,,,,,,,,,,,"14000US11001004002","Census Tract 40.02",,,,3436,45694.33,0.0751953290903278
"11001004100","Census Tract 41, District of Columbia, District of Columbia","ACSSF","dc","140","00","0000079",,,,,"11","001",,,"004100",,,,,,,,,,,,,,,,,,,,,,,,,,,,,,,,,,,"14000US11001004100","Census Tract 41",,,,2466,8098.012,0.304519171517397
"11001004201","Census Tract 42.01, District of Columbia, District of Columbia","ACSSF","dc","140","00","0000080",,,,,"11","001",,,"004201",,,,,,,,,,,,,,,,,,,,,,,,,,,,,,,,,,,"14000US11001004201","Census Tract 42.01",,,,3872,49031.84,0.0789690917486876
"11001004202","Census Tract 42.02, District of Columbia, District of Columbia","ACSSF","dc","140","00","0000081",,,,,"11","001",,,"004202",,,,,,,,,,,,,,,,,,,,,,,,,,,,,,,,,,,"14000US11001004202","Census Tract 42.02",,,,2601,32442.52,0.0801725722281339
"11001004300","Census Tract 43, District of Columbia, District of Columbia","ACSSF","dc","140","00","0000082",,,,,"11","001",,,"004300",,,,,,,,,,,,,,,,,,,,,,,,,,,,,,,,,,,"14000US11001004300","Census Tract 43",,,,4054,44360.28,0.0913880682072658
"11001004401","Census Tract 44.01, District of Columbia, District of Columbia","ACSSF","dc","140","00","0000083",,,,,"11","001",,,"004401",,,,,,,,,,,,,,,,,,,,,,,,,,,,,,,,,,,"14000US11001004401","Census Tract 44.01",,,,3522,36946.63,0.0953266964943467
"11001004402","Census Tract 44.02, District of Columbia, District of Columbia","ACSSF","dc","140","00","0000084",,,,,"11","001",,,"004402",,,,,,,,,,,,,,,,,,,,,,,,,,,,,,,,,,,"14000US11001004402","Census Tract 44.02",,,,2517,23727.37,0.106080028170015
"11001004600","Census Tract 46, District of Columbia, District of Columbia","ACSSF","dc","140","00","0000085",,,,,"11","001",,,"004600",,,,,,,,,,,,,,,,,,,,,,,,,,,,,,,,,,,"14000US11001004600","Census Tract 46",,,,3169,18763.74,0.168889585588814
"11001004702","Census Tract 47.02, District of Columbia, District of Columbia","ACSSF","dc","140","00","0000086",,,,,"11","001",,,"004702",,,,,,,,,,,,,,,,,,,,,,,,,,,,,,,,,,,"14000US11001004702","Census Tract 47.02",,,,3727,29572.16,0.126030699756138
"11001004703","Census Tract 47.03, District of Columbia, District of Columbia","ACSSF","dc","140","00","0000087",,,,,"11","001",,,"004703",,,,,,,,,,,,,,,,,,,,,,,,,,,,,,,,,,,"14000US11001004703","Census Tract 47.03",,,,2947,61492.5,0.0479245463685546
"11001004704","Census Tract 47.04, District of Columbia, District of Columbia","ACSSF","dc","140","00","0000088",,,,,"11","001",,,"004704",,,,,,,,,,,,,,,,,,,,,,,,,,,,,,,,,,,"14000US11001004704","Census Tract 47.04",,,,1852,24163.43,0.0766447566552432
"11001004801","Census Tract 48.01, District of Columbia, District of Columbia","ACSSF","dc","140","00","0000089",,,,,"11","001",,,"004801",,,,,,,,,,,,,,,,,,,,,,,,,,,,,,,,,,,"14000US11001004801","Census Tract 48.01",,,,3138,25620.49,0.122480104154923
"11001004802","Census Tract 48.02, District of Columbia, District of Columbia","ACSSF","dc","140","00","0000090",,,,,"11","001",,,"004802",,,,,,,,,,,,,,,,,,,,,,,,,,,,,,,,,,,"14000US11001004802","Census Tract 48.02",,,,3447,30913.8,0.11150360542211
"11001004901","Census Tract 49.01, District of Columbia, District of Columbia","ACSSF","dc","140","00","0000091",,,,,"11","001",,,"004901",,,,,,,,,,,,,,,,,,,,,,,,,,,,,,,,,,,"14000US11001004901","Census Tract 49.01",,,,3496,33305.37,0.104968053906041
"11001004902","Census Tract 49.02, District of Columbia, District of Columbia","ACSSF","dc","140","00","0000092",,,,,"11","001",,,"004902",,,,,,,,,,,,,,,,,,,,,,,,,,,,,,,,,,,"14000US11001004902","Census Tract 49.02",,,,3533,34676.61,0.10188425583439
"11001005001","Census Tract 50.01, District of Columbia, District of Columbia","ACSSF","dc","140","00","0000093",,,,,"11","001",,,"005001",,,,,,,,,,,,,,,,,,,,,,,,,,,,,,,,,,,"14000US11001005001","Census Tract 50.01",,,,2006,25852.32,0.0775945680057205
"11001005003","Census Tract 50.03, District of Columbia, District of Columbia","ACSSF","dc","140","00","0000094",,,,,"11","001",,,"005003",,,,,,,,,,,,,,,,,,,,,,,,,,,,,,,,,,,"14000US11001005003","Census Tract 50.03",,,,1617,44488.94,0.0363461143449313
"11001005004","Census Tract 50.04, District of Columbia, District of Columbia","ACSSF","dc","140","00","0000095",,,,,"11","001",,,"005004",,,,,,,,,,,,,,,,,,,,,,,,,,,,,,,,,,,"14000US11001005004","Census Tract 50.04",,,,4115,74448.86,0.055272842962979
"11001005202","Census Tract 52.02, District of Columbia, District of Columbia","ACSSF","dc","140","00","0000096",,,,,"11","001",,,"005202",,,,,,,,,,,,,,,,,,,,,,,,,,,,,,,,,,,"14000US11001005202","Census Tract 52.02",,,,2793,29370.98,0.0950938768828273
"11001005203","Census Tract 52.03, District of Columbia, District of Columbia","ACSSF","dc","140","00","0000097",,,,,"11","001",,,"005203",,,,,,,,,,,,,,,,,,,,,,,,,,,,,,,,,,,"14000US11001005203","Census Tract 52.03",,,,3044,84393.15,0.0360692790854629
"11001005302","Census Tract 53.02, District of Columbia, District of Columbia","ACSSF","dc","140","00","0000098",,,,,"11","001",,,"005302",,,,,,,,,,,,,,,,,,,,,,,,,,,,,,,,,,,"14000US11001005302","Census Tract 53.02",,,,2558,56319.88,0.0454191293550395
"11001005303","Census Tract 53.03, District of Columbia, District of Columbia","ACSSF","dc","140","00","0000099",,,,,"11","001",,,"005303",,,,,,,,,,,,,,,,,,,,,,,,,,,,,,,,,,,"14000US11001005303","Census Tract 53.03",,,,2723,41788.11,0.0651620779710176
"11001005501","Census Tract 55.01, District of Columbia, District of Columbia","ACSSF","dc","140","00","0000100",,,,,"11","001",,,"005501",,,,,,,,,,,,,,,,,,,,,,,,,,,,,,,,,,,"14000US11001005501","Census Tract 55.01",,,,1700,26725.38,0.0636099472275547
"11001005502","Census Tract 55.02, District of Columbia, District of Columbia","ACSSF","dc","140","00","0000101",,,,,"11","001",,,"005502",,,,,,,,,,,,,,,,,,,,,,,,,,,,,,,,,,,"14000US11001005502","Census Tract 55.02",,,,2652,27332.25,0.097028248779531
"11001005503","Census Tract 55.03, District of Columbia, District of Columbia","ACSSF","dc","140","00","0000102",,,,,"11","001",,,"005503",,,,,,,,,,,,,,,,,,,,,,,,,,,,,,,,,,,"14000US11001005503","Census Tract 55.03",,,,2256,27388.52,0.0823702658081814
"11001005601","Census Tract 56.01, District of Columbia, District of Columbia","ACSSF","dc","140","00","0000103",,,,,"11","001",,,"005601",,,,,,,,,,,,,,,,,,,,,,,,,,,,,,,,,,,"14000US11001005601","Census Tract 56.01",,,,2388,33376.1,0.071548207945365
"11001005602","Census Tract 56.02, District of Columbia, District of Columbia","ACSSF","dc","140","00","0000104",,,,,"11","001",,,"005602",,,,,,,,,,,,,,,,,,,,,,,,,,,,,,,,,,,"14000US11001005602","Census Tract 56.02",,,,4178,39566.09,0.105595469940401
"11001005801","Census Tract 58.01, District of Columbia, District of Columbia","ACSSF","dc","140","00","0000105",,,,,"11","001",,,"005801",,,,,,,,,,,,,,,,,,,,,,,,,,,,,,,,,,,"14000US11001005801","Census Tract 58.01",,,,1992,22147.39,0.0899428877662754
"11001005802","Census Tract 58.02, District of Columbia, District of Columbia","ACSSF","dc","140","00","0000106",,,,,"11","001",,,"005802",,,,,,,,,,,,,,,,,,,,,,,,,,,,,,,,,,,"14000US11001005802","Census Tract 58.02",,,,1799,6827.063,0.263510101205102
"11001005900","Census Tract 59, District of Columbia, District of Columbia","ACSSF","dc","140","00","0000107",,,,,"11","001",,,"005900",,,,,,,,,,,,,,,,,,,,,,,,,,,,,,,,,,,"14000US11001005900","Census Tract 59",,,,2437,9831.572,0.247874893628851
"11001006400","Census Tract 64, District of Columbia, District of Columbia","ACSSF","dc","140","00","0000108",,,,,"11","001",,,"006400",,,,,,,,,,,,,,,,,,,,,,,,,,,,,,,,,,,"14000US11001006400","Census Tract 64",,,,2602,9746.965,0.26695490481037
"11001006500","Census Tract 65, District of Columbia, District of Columbia","ACSSF","dc","140","00","0000109",,,,,"11","001",,,"006500",,,,,,,,,,,,,,,,,,,,,,,,,,,,,,,,,,,"14000US11001006500","Census Tract 65",,,,2939,14946.04,0.196640679416275
"11001006600","Census Tract 66, District of Columbia, District of Columbia","ACSSF","dc","140","00","0000110",,,,,"11","001",,,"006600",,,,,,,,,,,,,,,,,,,,,,,,,,,,,,,,,,,"14000US11001006600","Census Tract 66",,,,1986,18038.25,0.110099351811669
"11001006700","Census Tract 67, District of Columbia, District of Columbia","ACSSF","dc","140","00","0000111",,,,,"11","001",,,"006700",,,,,,,,,,,,,,,,,,,,,,,,,,,,,,,,,,,"14000US11001006700","Census Tract 67",,,,4498,27196.33,0.165389955474697
"11001006801","Census Tract 68.01, District of Columbia, District of Columbia","ACSSF","dc","140","00","0000112",,,,,"11","001",,,"006801",,,,,,,,,,,,,,,,,,,,,,,,,,,,,,,,,,,"14000US11001006801","Census Tract 68.01",,,,2528,26751.75,0.0944985073289915
"11001006802","Census Tract 68.02, District of Columbia, District of Columbia","ACSSF","dc","140","00","0000113",,,,,"11","001",,,"006802",,,,,,,,,,,,,,,,,,,,,,,,,,,,,,,,,,,"14000US11001006802","Census Tract 68.02",,,,2530,23393.37,0.108150308032315
"11001006804","Census Tract 68.04, District of Columbia, District of Columbia","ACSSF","dc","140","00","0000114",,,,,"11","001",,,"006804",,,,,,,,,,,,,,,,,,,,,,,,,,,,,,,,,,,"14000US11001006804","Census Tract 68.04",,,,2999,5036.303,0.595476504138243
"11001006900","Census Tract 69, District of Columbia, District of Columbia","ACSSF","dc","140","00","0000115",,,,,"11","001",,,"006900",,,,,,,,,,,,,,,,,,,,,,,,,,,,,,,,,,,"14000US11001006900","Census Tract 69",,,,2601,16904.24,0.153866736062098
"11001007000","Census Tract 70, District of Columbia, District of Columbia","ACSSF","dc","140","00","0000116",,,,,"11","001",,,"007000",,,,,,,,,,,,,,,,,,,,,,,,,,,,,,,,,,,"14000US11001007000","Census Tract 70",,,,2794,16466.15,0.16968148114972
"11001007100","Census Tract 71, District of Columbia, District of Columbia","ACSSF","dc","140","00","0000117",,,,,"11","001",,,"007100",,,,,,,,,,,,,,,,,,,,,,,,,,,,,,,,,,,"14000US11001007100","Census Tract 71",,,,3635,15633.09,0.232519610129468
"11001007201","Census Tract 72.01, District of Columbia, District of Columbia","ACSSF","dc","140","00","0000118",,,,,"11","001",,,"007201",,,,,,,,,,,,,,,,,,,,,,,,,,,,,,,,,,,"14000US11001007201","Census Tract 72.01",,,,1473,4881.974,0.301722247361764
"11001007202","Census Tract 72.02, District of Columbia, District of Columbia","ACSSF","dc","140","00","0000119",,,,,"11","001",,,"007202",,,,,,,,,,,,,,,,,,,,,,,,,,,,,,,,,,,"14000US11001007202","Census Tract 72.02",,,,3180,44767.34,0.0710339198482773
"11001007203","Census Tract 72.03, District of Columbia, District of Columbia","ACSSF","dc","140","00","0000120",,,,,"11","001",,,"007203",,,,,,,,,,,,,,,,,,,,,,,,,,,,,,,,,,,"14000US11001007203","Census Tract 72.03",,,,2514,16948.47,0.148331961383605
"11001007301","Census Tract 73.01, District of Columbia, District of Columbia","ACSSF","dc","140","00","0000121",,,,,"11","001",,,"007301",,,,,,,,,,,,,,,,,,,,,,,,,,,,,,,,,,,"14000US11001007301","Census Tract 73.01",,,,5031,2781.478,1.8087508513553
"11001007304","Census Tract 73.04, District of Columbia, District of Columbia","ACSSF","dc","140","00","0000122",,,,,"11","001",,,"007304",,,,,,,,,,,,,,,,,,,,,,,,,,,,,,,,,,,"14000US11001007304","Census Tract 73.04",,,,4323,9081.884,0.476002591517799
"11001007401","Census Tract 74.01, District of Columbia, District of Columbia","ACSSF","dc","140","00","0000123",,,,,"11","001",,,"007401",,,,,,,,,,,,,,,,,,,,,,,,,,,,,,,,,,,"14000US11001007401","Census Tract 74.01",,,,1525,3266.636,0.466841159109617
"11001007403","Census Tract 74.03, District of Columbia, District of Columbia","ACSSF","dc","140","00","0000124",,,,,"11","001",,,"007403",,,,,,,,,,,,,,,,,,,,,,,,,,,,,,,,,,,"14000US11001007403","Census Tract 74.03",,,,2709,21203.36,0.127762754113146
"11001007404","Census Tract 74.04, District of Columbia, District of Columbia","ACSSF","dc","140","00","0000125",,,,,"11","001",,,"007404",,,,,,,,,,,,,,,,,,,,,,,,,,,,,,,,,,,"14000US11001007404","Census Tract 74.04",,,,4134,12956.4,0.319070204186274
"11001007406","Census Tract 74.06, District of Columbia, District of Columbia","ACSSF","dc","140","00","0000126",,,,,"11","001",,,"007406",,,,,,,,,,,,,,,,,,,,,,,,,,,,,,,,,,,"14000US11001007406","Census Tract 74.06",,,,4201,30210.96,0.139055470527277
"11001007407","Census Tract 74.07, District of Columbia, District of Columbia","ACSSF","dc","140","00","0000127",,,,,"11","001",,,"007407",,,,,,,,,,,,,,,,,,,,,,,,,,,,,,,,,,,"14000US11001007407","Census Tract 74.07",,,,3359,14292.38,0.235020393916883
"11001007408","Census Tract 74.08, District of Columbia, District of Columbia","ACSSF","dc","140","00","0000128",,,,,"11","001",,,"007408",,,,,,,,,,,,,,,,,,,,,,,,,,,,,,,,,,,"14000US11001007408","Census Tract 74.08",,,,3128,21757.77,0.143764758755639
"11001007409","Census Tract 74.09, District of Columbia, District of Columbia","ACSSF","dc","140","00","0000129",,,,,"11","001",,,"007409",,,,,,,,,,,,,,,,,,,,,,,,,,,,,,,,,,,"14000US11001007409","Census Tract 74.09",,,,4377,27999.84,0.156322345895039
"11001007502","Census Tract 75.02, District of Columbia, District of Columbia","ACSSF","dc","140","00","0000130",,,,,"11","001",,,"007502",,,,,,,,,,,,,,,,,,,,,,,,,,,,,,,,,,,"14000US11001007502","Census Tract 75.02",,,,5615,22431.59,0.250316603783492
"11001007503","Census Tract 75.03, District of Columbia, District of Columbia","ACSSF","dc","140","00","0000131",,,,,"11","001",,,"007503",,,,,,,,,,,,,,,,,,,,,,,,,,,,,,,,,,,"14000US11001007503","Census Tract 75.03",,,,2716,13654.3,0.198911732409571
"11001007504","Census Tract 75.04, District of Columbia, District of Columbia","ACSSF","dc","140","00","0000132",,,,,"11","001",,,"007504",,,,,,,,,,,,,,,,,,,,,,,,,,,,,,,,,,,"14000US11001007504","Census Tract 75.04",,,,2741,9291.105,0.295013335969124
"11001007601","Census Tract 76.01, District of Columbia, District of Columbia","ACSSF","dc","140","00","0000133",,,,,"11","001",,,"007601",,,,,,,,,,,,,,,,,,,,,,,,,,,,,,,,,,,"14000US11001007601","Census Tract 76.01",,,,5316,12344.34,0.430642535795533
"11001007603","Census Tract 76.03, District of Columbia, District of Columbia","ACSSF","dc","140","00","0000134",,,,,"11","001",,,"007603",,,,,,,,,,,,,,,,,,,,,,,,,,,,,,,,,,,"14000US11001007603","Census Tract 76.03",,,,4099,8654.999,0.473599105478481
"11001007604","Census Tract 76.04, District of Columbia, District of Columbia","ACSSF","dc","140","00","0000135",,,,,"11","001",,,"007604",,,,,,,,,,,,,,,,,,,,,,,,,,,,,,,,,,,"14000US11001007604","Census Tract 76.04",,,,4380,8282.938,0.528797816823862
"11001007605","Census Tract 76.05, District of Columbia, District of Columbia","ACSSF","dc","140","00","0000136",,,,,"11","001",,,"007605",,,,,,,,,,,,,,,,,,,,,,,,,,,,,,,,,,,"14000US11001007605","Census Tract 76.05",,,,4170,23799.9,0.175210850397762
"11001007703","Census Tract 77.03, District of Columbia, District of Columbia","ACSSF","dc","140","00","0000137",,,,,"11","001",,,"007703",,,,,,,,,,,,,,,,,,,,,,,,,,,,,,,,,,,"14000US11001007703","Census Tract 77.03",,,,7730,19671.61,0.392952013677283
"11001007707","Census Tract 77.07, District of Columbia, District of Columbia","ACSSF","dc","140","00","0000138",,,,,"11","001",,,"007707",,,,,,,,,,,,,,,,,,,,,,,,,,,,,,,,,,,"14000US11001007707","Census Tract 77.07",,,,4557,14003.16,0.325426604293147
"11001007708","Census Tract 77.08, District of Columbia, District of Columbia","ACSSF","dc","140","00","0000139",,,,,"11","001",,,"007708",,,,,,,,,,,,,,,,,,,,,,,,,,,,,,,,,,,"14000US11001007708","Census Tract 77.08",,,,2875,9984.078,0.287958477027693
"11001007709","Census Tract 77.09, District of Columbia, District of Columbia","ACSSF","dc","140","00","0000140",,,,,"11","001",,,"007709",,,,,,,,,,,,,,,,,,,,,,,,,,,,,,,,,,,"14000US11001007709","Census Tract 77.09",,,,2157,6740.008,0.320029281988951
"11001007803","Census Tract 78.03, District of Columbia, District of Columbia","ACSSF","dc","140","00","0000141",,,,,"11","001",,,"007803",,,,,,,,,,,,,,,,,,,,,,,,,,,,,,,,,,,"14000US11001007803","Census Tract 78.03",,,,4293,11268.96,0.38095813571337
"11001007804","Census Tract 78.04, District of Columbia, District of Columbia","ACSSF","dc","140","00","0000142",,,,,"11","001",,,"007804",,,,,,,,,,,,,,,,,,,,,,,,,,,,,,,,,,,"14000US11001007804","Census Tract 78.04",,,,4352,13443.76,0.323718874373163
"11001007806","Census Tract 78.06, District of Columbia, District of Columbia","ACSSF","dc","140","00","0000143",,,,,"11","001",,,"007806",,,,,,,,,,,,,,,,,,,,,,,,,,,,,,,,,,,"14000US11001007806","Census Tract 78.06",,,,2548,9828.649,0.259242127762754
"11001007807","Census Tract 78.07, District of Columbia, District of Columbia","ACSSF","dc","140","00","0000144",,,,,"11","001",,,"007807",,,,,,,,,,,,,,,,,,,,,,,,,,,,,,,,,,,"14000US11001007807","Census Tract 78.07",,,,2336,11573.84,0.201834525874251
"11001007808","Census Tract 78.08, District of Columbia, District of Columbia","ACSSF","dc","140","00","0000145",,,,,"11","001",,,"007808",,,,,,,,,,,,,,,,,,,,,,,,,,,,,,,,,,,"14000US11001007808","Census Tract 78.08",,,,4322,11948.45,0.361720594844455
"11001007809","Census Tract 78.09, District of Columbia, District of Columbia","ACSSF","dc","140","00","0000146",,,,,"11","001",,,"007809",,,,,,,,,,,,,,,,,,,,,,,,,,,,,,,,,,,"14000US11001007809","Census Tract 78.09",,,,3112,15058.35,0.206662733572511
"11001007901","Census Tract 79.01, District of Columbia, District of Columbia","ACSSF","dc","140","00","0000147",,,,,"11","001",,,"007901",,,,,,,,,,,,,,,,,,,,,,,,,,,,,,,,,,,"14000US11001007901","Census Tract 79.01",,,,5030,32403.76,0.155228904535465
"11001007903","Census Tract 79.03, District of Columbia, District of Columbia","ACSSF","dc","140","00","0000148",,,,,"11","001",,,"007903",,,,,,,,,,,,,,,,,,,,,,,,,,,,,,,,,,,"14000US11001007903","Census Tract 79.03",,,,2031,21215.45,0.095732103778087
"11001008001","Census Tract 80.01, District of Columbia, District of Columbia","ACSSF","dc","140","00","0000149",,,,,"11","001",,,"008001",,,,,,,,,,,,,,,,,,,,,,,,,,,,,,,,,,,"14000US11001008001","Census Tract 80.01",,,,3226,25884.23,0.124631851576146
"11001008002","Census Tract 80.02, District of Columbia, District of Columbia","ACSSF","dc","140","00","0000150",,,,,"11","001",,,"008002",,,,,,,,,,,,,,,,,,,,,,,,,,,,,,,,,,,"14000US11001008002","Census Tract 80.02",,,,3527,15778.07,0.223538101334832
"11001008100","Census Tract 81, District of Columbia, District of Columbia","ACSSF","dc","140","00","0000151",,,,,"11","001",,,"008100",,,,,,,,,,,,,,,,,,,,,,,,,,,,,,,,,,,"14000US11001008100","Census Tract 81",,,,3438,30674.71,0.112079283765021
"11001008200","Census Tract 82, District of Columbia, District of Columbia","ACSSF","dc","140","00","0000152",,,,,"11","001",,,"008200",,,,,,,,,,,,,,,,,,,,,,,,,,,,,,,,,,,"14000US11001008200","Census Tract 82",,,,3234,24750.08,0.130666242469077
"11001008301","Census Tract 83.01, District of Columbia, District of Columbia","ACSSF","dc","140","00","0000153",,,,,"11","001",,,"008301",,,,,,,,,,,,,,,,,,,,,,,,,,,,,,,,,,,"14000US11001008301","Census Tract 83.01",,,,2746,23397.17,0.11736463643847
"11001008302","Census Tract 83.02, District of Columbia, District of Columbia","ACSSF","dc","140","00","0000154",,,,,"11","001",,,"008302",,,,,,,,,,,,,,,,,,,,,,,,,,,,,,,,,,,"14000US11001008302","Census Tract 83.02",,,,2831,28104.67,0.100730582535518
"11001008402","Census Tract 84.02, District of Columbia, District of Columbia","ACSSF","dc","140","00","0000155",,,,,"11","001",,,"008402",,,,,,,,,,,,,,,,,,,,,,,,,,,,,,,,,,,"14000US11001008402","Census Tract 84.02",,,,2375,22434.97,0.10586149433897
"11001008410","Census Tract 84.10, District of Columbia, District of Columbia","ACSSF","dc","140","00","0000156",,,,,"11","001",,,"008410",,,,,,,,,,,,,,,,,,,,,,,,,,,,,,,,,,,"14000US11001008410","Census Tract 84.10",,,,1737,20454.8,0.0849189262652954
"11001008701","Census Tract 87.01, District of Columbia, District of Columbia","ACSSF","dc","140","00","0000157",,,,,"11","001",,,"008701",,,,,,,,,,,,,,,,,,,,,,,,,,,,,,,,,,,"14000US11001008701","Census Tract 87.01",,,,2738,18530.56,0.147755896938519
"11001008702","Census Tract 87.02, District of Columbia, District of Columbia","ACSSF","dc","140","00","0000158",,,,,"11","001",,,"008702",,,,,,,,,,,,,,,,,,,,,,,,,,,,,,,,,,,"14000US11001008702","Census Tract 87.02",,,,3409,18151.87,0.187804345039436
"11001008802","Census Tract 88.02, District of Columbia, District of Columbia","ACSSF","dc","140","00","0000159",,,,,"11","001",,,"008802",,,,,,,,,,,,,,,,,,,,,,,,,,,,,,,,,,,"14000US11001008802","Census Tract 88.02",,,,4496,24850.9,0.180918984952826
"11001008803","Census Tract 88.03, District of Columbia, District of Columbia","ACSSF","dc","140","00","0000160",,,,,"11","001",,,"008803",,,,,,,,,,,,,,,,,,,,,,,,,,,,,,,,,,,"14000US11001008803","Census Tract 88.03",,,,3376,7484.246,0.451080854428669
"11001008804","Census Tract 88.04, District of Columbia, District of Columbia","ACSSF","dc","140","00","0000161",,,,,"11","001",,,"008804",,,,,,,,,,,,,,,,,,,,,,,,,,,,,,,,,,,"14000US11001008804","Census Tract 88.04",,,,2733,9097.641,0.30040756945592
"11001008903","Census Tract 89.03, District of Columbia, District of Columbia","ACSSF","dc","140","00","0000162",,,,,"11","001",,,"008903",,,,,,,,,,,,,,,,,,,,,,,,,,,,,,,,,,,"14000US11001008903","Census Tract 89.03",,,,3321,28141.08,0.118012515888105
"11001008904","Census Tract 89.04, District of Columbia, District of Columbia","ACSSF","dc","140","00","0000163",,,,,"11","001",,,"008904",,,,,,,,,,,,,,,,,,,,,,,,,,,,,,,,,,,"14000US11001008904","Census Tract 89.04",,,,4541,26174.07,0.173492309616879
"11001009000","Census Tract 90, District of Columbia, District of Columbia","ACSSF","dc","140","00","0000164",,,,,"11","001",,,"009000",,,,,,,,,,,,,,,,,,,,,,,,,,,,,,,,,,,"14000US11001009000","Census Tract 90",,,,3780,6860.107,0.551011819359781
"11001009102","Census Tract 91.02, District of Columbia, District of Columbia","ACSSF","dc","140","00","0000165",,,,,"11","001",,,"009102",,,,,,,,,,,,,,,,,,,,,,,,,,,,,,,,,,,"14000US11001009102","Census Tract 91.02",,,,4723,6734.901,0.701272361107465
"11001009201","Census Tract 92.01, District of Columbia, District of Columbia","ACSSF","dc","140","00","0000166",,,,,"11","001",,,"009201",,,,,,,,,,,,,,,,,,,,,,,,,,,,,,,,,,,"14000US11001009201","Census Tract 92.01",,,,3272,13456.17,0.243159813867863
"11001009203","Census Tract 92.03, District of Columbia, District of Columbia","ACSSF","dc","140","00","0000167",,,,,"11","001",,,"009203",,,,,,,,,,,,,,,,,,,,,,,,,,,,,,,,,,,"14000US11001009203","Census Tract 92.03",,,,3229,14392.12,0.224358954558863
"11001009204","Census Tract 92.04, District of Columbia, District of Columbia","ACSSF","dc","140","00","0000168",,,,,"11","001",,,"009204",,,,,,,,,,,,,,,,,,,,,,,,,,,,,,,,,,,"14000US11001009204","Census Tract 92.04",,,,3265,27414.17,0.119099007408529
"11001009301","Census Tract 93.01, District of Columbia, District of Columbia","ACSSF","dc","140","00","0000169",,,,,"11","001",,,"009301",,,,,,,,,,,,,,,,,,,,,,,,,,,,,,,,,,,"14000US11001009301","Census Tract 93.01",,,,3701,8642.704,0.42822244736269
"11001009302","Census Tract 93.02, District of Columbia, District of Columbia","ACSSF","dc","140","00","0000170",,,,,"11","001",,,"009302",,,,,,,,,,,,,,,,,,,,,,,,,,,,,,,,,,,"14000US11001009302","Census Tract 93.02",,,,1678,11089.42,0.151315372889759
"11001009400","Census Tract 94, District of Columbia, District of Columbia","ACSSF","dc","140","00","0000171",,,,,"11","001",,,"009400",,,,,,,,,,,,,,,,,,,,,,,,,,,,,,,,,,,"14000US11001009400","Census Tract 94",,,,5644,9234.985,0.611154182953743
"11001009503","Census Tract 95.03, District of Columbia, District of Columbia","ACSSF","dc","140","00","0000172",,,,,"11","001",,,"009503",,,,,,,,,,,,,,,,,,,,,,,,,,,,,,,,,,,"14000US11001009503","Census Tract 95.03",,,,3110,5658.058,0.549658531236438
"11001009504","Census Tract 95.04, District of Columbia, District of Columbia","ACSSF","dc","140","00","0000173",,,,,"11","001",,,"009504",,,,,,,,,,,,,,,,,,,,,,,,,,,,,,,,,,,"14000US11001009504","Census Tract 95.04",,,,3113,7803.796,0.398908411930866
"11001009505","Census Tract 95.05, District of Columbia, District of Columbia","ACSSF","dc","140","00","0000174",,,,,"11","001",,,"009505",,,,,,,,,,,,,,,,,,,,,,,,,,,,,,,,,,,"14000US11001009505","Census Tract 95.05",,,,3907,9793.849,0.398923856017866
"11001009507","Census Tract 95.07, District of Columbia, District of Columbia","ACSSF","dc","140","00","0000175",,,,,"11","001",,,"009507",,,,,,,,,,,,,,,,,,,,,,,,,,,,,,,,,,,"14000US11001009507","Census Tract 95.07",,,,1889,16568.42,0.114012111253025
"11001009508","Census Tract 95.08, District of Columbia, District of Columbia","ACSSF","dc","140","00","0000176",,,,,"11","001",,,"009508",,,,,,,,,,,,,,,,,,,,,,,,,,,,,,,,,,,"14000US11001009508","Census Tract 95.08",,,,4098,11030.59,0.371512146002221
"11001009509","Census Tract 95.09, District of Columbia, District of Columbia","ACSSF","dc","140","00","0000177",,,,,"11","001",,,"009509",,,,,,,,,,,,,,,,,,,,,,,,,,,,,,,,,,,"14000US11001009509","Census Tract 95.09",,,,3575,14270.23,0.250521624038413
"11001009510","Census Tract 95.10, District of Columbia, District of Columbia","ACSSF","dc","140","00","0000178",,,,,"11","001",,,"009510",,,,,,,,,,,,,,,,,,,,,,,,,,,,,,,,,,,"14000US11001009510","Census Tract 95.10",,,,5272,16226.09,0.324908841276485
"11001009511","Census Tract 95.11, District of Columbia, District of Columbia","ACSSF","dc","140","00","0000179",,,,,"11","001",,,"009511",,,,,,,,,,,,,,,,,,,,,,,,,,,,,,,,,,,"14000US11001009511","Census Tract 95.11",,,,2156,7761.31,0.277788159636261
"11001009601","Census Tract 96.01, District of Columbia, District of Columbia","ACSSF","dc","140","00","0000180",,,,,"11","001",,,"009601",,,,,,,,,,,,,,,,,,,,,,,,,,,,,,,,,,,"14000US11001009601","Census Tract 96.01",,,,2521,3427.014,0.735625802127269
"11001009602","Census Tract 96.02, District of Columbia, District of Columbia","ACSSF","dc","140","00","0000181",,,,,"11","001",,,"009602",,,,,,,,,,,,,,,,,,,,,,,,,,,,,,,,,,,"14000US11001009602","Census Tract 96.02",,,,4038,8003.597,0.504523186980017
"11001009603","Census Tract 96.03, District of Columbia, District of Columbia","ACSSF","dc","140","00","0000182",,,,,"11","001",,,"009603",,,,,,,,,,,,,,,,,,,,,,,,,,,,,,,,,,,"14000US11001009603","Census Tract 96.03",,,,4310,18378.08,0.234518461089395
"11001009604","Census Tract 96.04, District of Columbia, District of Columbia","ACSSF","dc","140","00","0000183",,,,,"11","001",,,"009604",,,,,,,,,,,,,,,,,,,,,,,,,,,,,,,,,,,"14000US11001009604","Census Tract 96.04",,,,2496,12842.38,0.19435649894903
"11001009700","Census Tract 97, District of Columbia, District of Columbia","ACSSF","dc","140","00","0000184",,,,,"11","001",,,"009700",,,,,,,,,,,,,,,,,,,,,,,,,,,,,,,,,,,"14000US11001009700","Census Tract 97",,,,3279,21070.71,0.155618867732206
"11001009801","Census Tract 98.01, District of Columbia, District of Columbia","ACSSF","dc","140","00","0000185",,,,,"11","001",,,"009801",,,,,,,,,,,,,,,,,,,,,,,,,,,,,,,,,,,"14000US11001009801","Census Tract 98.01",,,,2056,12344.03,0.166558300656219
"11001009802","Census Tract 98.02, District of Columbia, District of Columbia","ACSSF","dc","140","00","0000186",,,,,"11","001",,,"009802",,,,,,,,,,,,,,,,,,,,,,,,,,,,,,,,,,,"14000US11001009802","Census Tract 98.02",,,,2080,26835.91,0.0775080811185226
"11001009803","Census Tract 98.03, District of Columbia, District of Columbia","ACSSF","dc","140","00","0000187",,,,,"11","001",,,"009803",,,,,,,,,,,,,,,,,,,,,,,,,,,,,,,,,,,"14000US11001009803","Census Tract 98.03",,,,3153,15377.23,0.205043421050599
"11001009804","Census Tract 98.04, District of Columbia, District of Columbia","ACSSF","dc","140","00","0000188",,,,,"11","001",,,"009804",,,,,,,,,,,,,,,,,,,,,,,,,,,,,,,,,,,"14000US11001009804","Census Tract 98.04",,,,2661,13295.62,0.200141081734742
"11001009807","Census Tract 98.07, District of Columbia, District of Columbia","ACSSF","dc","140","00","0000189",,,,,"11","001",,,"009807",,,,,,,,,,,,,,,,,,,,,,,,,,,,,,,,,,,"14000US11001009807","Census Tract 98.07",,,,3514,8776.386,0.400392588691531
"11001009810","Census Tract 98.10, District of Columbia, District of Columbia","ACSSF","dc","140","00","0000190",,,,,"11","001",,,"009810",,,,,,,,,,,,,,,,,,,,,,,,,,,,,,,,,,,"14000US11001009810","Census Tract 98.10",,,,2750,17876.83,0.153830442457648
"11001009811","Census Tract 98.11, District of Columbia, District of Columbia","ACSSF","dc","140","00","0000191",,,,,"11","001",,,"009811",,,,,,,,,,,,,,,,,,,,,,,,,,,,,,,,,,,"14000US11001009811","Census Tract 98.11",,,,4437,24580.76,0.180507013932111
"11001009901","Census Tract 99.01, District of Columbia, District of Columbia","ACSSF","dc","140","00","0000192",,,,,"11","001",,,"009901",,,,,,,,,,,,,,,,,,,,,,,,,,,,,,,,,,,"14000US11001009901","Census Tract 99.01",,,,2486,3062.917,0.811644687156852
"11001009902","Census Tract 99.02, District of Columbia, District of Columbia","ACSSF","dc","140","00","0000193",,,,,"11","001",,,"009902",,,,,,,,,,,,,,,,,,,,,,,,,,,,,,,,,,,"14000US11001009902","Census Tract 99.02",,,,3495,6992.365,0.499830887247354
"11001009903","Census Tract 99.03, District of Columbia, District of Columbia","ACSSF","dc","140","00","0000194",,,,,"11","001",,,"009903",,,,,,,,,,,,,,,,,,,,,,,,,,,,,,,,,,,"14000US11001009903","Census Tract 99.03",,,,2559,17274.28,0.148139296398284
"11001009904","Census Tract 99.04, District of Columbia, District of Columbia","ACSSF","dc","140","00","0000195",,,,,"11","001",,,"009904",,,,,,,,,,,,,,,,,,,,,,,,,,,,,,,,,,,"14000US11001009904","Census Tract 99.04",,,,3208,19494.89,0.164555974776717
"11001009905","Census Tract 99.05, District of Columbia, District of Columbia","ACSSF","dc","140","00","0000196",,,,,"11","001",,,"009905",,,,,,,,,,,,,,,,,,,,,,,,,,,,,,,,,,,"14000US11001009905","Census Tract 99.05",,,,2773,16642.11,0.166625482434668
"11001009906","Census Tract 99.06, District of Columbia, District of Columbia","ACSSF","dc","140","00","0000197",,,,,"11","001",,,"009906",,,,,,,,,,,,,,,,,,,,,,,,,,,,,,,,,,,"14000US11001009906","Census Tract 99.06",,,,1737,17804.09,0.0975618419853683
"11001009907","Census Tract 99.07, District of Columbia, District of Columbia","ACSSF","dc","140","00","0000198",,,,,"11","001",,,"009907",,,,,,,,,,,,,,,,,,,,,,,,,,,,,,,,,,,"14000US11001009907","Census Tract 99.07",,,,2942,16317.98,0.180291955020641
"11001010100","Census Tract 101, District of Columbia, District of Columbia","ACSSF","dc","140","00","0000199",,,,,"11","001",,,"010100",,,,,,,,,,,,,,,,,,,,,,,,,,,,,,,,,,,"14000US11001010100","Census Tract 101",,,,2773,12399.28,0.223641962819905
"11001010201","Census Tract 102.01, District of Columbia, District of Columbia","ACSSF","dc","140","00","0000200",,,,,"11","001",,,"010201",,,,,,,,,,,,,,,,,,,,,,,,,,,,,,,,,,,"14000US11001010201","Census Tract 102.01",,,,2297,34017.99,0.0675230927710862
"11001010202","Census Tract 102.02, District of Columbia, District of Columbia","ACSSF","dc","140","00","0000201",,,,,"11","001",,,"010202",,,,,,,,,,,,,,,,,,,,,,,,,,,,,,,,,,,"14000US11001010202","Census Tract 102.02",,,,1707,4133.891,0.412928168006956
"11001010300","Census Tract 103, District of Columbia, District of Columbia","ACSSF","dc","140","00","0000202",,,,,"11","001",,,"010300",,,,,,,,,,,,,,,,,,,,,,,,,,,,,,,,,,,"14000US11001010300","Census Tract 103",,,,4272,10201.48,0.418762944075417
"11001010400","Census Tract 104, District of Columbia, District of Columbia","ACSSF","dc","140","00","0000203",,,,,"11","001",,,"010400",,,,,,,,,,,,,,,,,,,,,,,,,,,,,,,,,,,"14000US11001010400","Census Tract 104",,,,4995,4971.19,1.00478959748076
"11001010500","Census Tract 105, District of Columbia, District of Columbia","ACSSF","dc","140","00","0000204",,,,,"11","001",,,"010500",,,,,,,,,,,,,,,,,,,,,,,,,,,,,,,,,,,"14000US11001010500","Census Tract 105",,,,3927,13563.15,0.289534546106005
"11001010601","Census Tract 106.01, District of Columbia, District of Columbia","ACSSF","dc","140","00","0000205",,,,,"11","001",,,"010601",,,,,,,,,,,,,,,,,,,,,,,,,,,,,,,,,,,"14000US11001010601","Census Tract 106.01",,,,1862,21451.61,0.0868000160618505
"11001010602","Census Tract 106.02, District of Columbia, District of Columbia","ACSSF","dc","140","00","0000206",,,,,"11","001",,,"010602",,,,,,,,,,,,,,,,,,,,,,,,,,,,,,,,,,,"14000US11001010602","Census Tract 106.02",,,,5262,25121.27,0.209463904852069
"11001010603","Census Tract 106.03, District of Columbia, District of Columbia","ACSSF","dc","140","00","0000207",,,,,"11","001",,,"010603",,,,,,,,,,,,,,,,,,,,,,,,,,,,,,,,,,,"14000US11001010603","Census Tract 106.03",,,,1864,10398.56,0.179255656782966
"11001010700","Census Tract 107, District of Columbia, District of Columbia","ACSSF","dc","140","00","0000208",,,,,"11","001",,,"010700",,,,,,,,,,,,,,,,,,,,,,,,,,,,,,,,,,,"14000US11001010700","Census Tract 107",,,,1772,5147.511,0.344244065995673
"11001010800","Census Tract 108, District of Columbia, District of Columbia","ACSSF","dc","140","00","0000209",,,,,"11","001",,,"010800",,,,,,,,,,,,,,,,,,,,,,,,,,,,,,,,,,,"14000US11001010800","Census Tract 108",,,,6351,24863.23,0.255437476930395
"11001010900","Census Tract 109, District of Columbia, District of Columbia","ACSSF","dc","140","00","0000210",,,,,"11","001",,,"010900",,,,,,,,,,,,,,,,,,,,,,,,,,,,,,,,,,,"14000US11001010900","Census Tract 109",,,,3400,3698.406,0.919315070185653
"11001011001","Census Tract 110.01, District of Columbia, District of Columbia","ACSSF","dc","140","00","0000211",,,,,"11","001",,,"011001",,,,,,,,,,,,,,,,,,,,,,,,,,,,,,,,,,,"14000US11001011001","Census Tract 110.01",,,,2345,39839.43,0.0588612765773432
"11001011002","Census Tract 110.02, District of Columbia, District of Columbia","ACSSF","dc","140","00","0000212",,,,,"11","001",,,"011002",,,,,,,,,,,,,,,,,,,,,,,,,,,,,,,,,,,"14000US11001011002","Census Tract 110.02",,,,1760,9151.13,0.192325987610753
"11001011100","Census Tract 111, District of Columbia, District of Columbia","ACSSF","dc","140","00","0000213",,,,,"11","001",,,"011100",,,,,,,,,,,,,,,,,,,,,,,,,,,,,,,,,,,"14000US11001011100","Census Tract 111",,,,5227,2367.301,2.2079998054045
"11001980000","Census Tract 9800, District of Columbia, District of Columbia","ACSSF","dc","140","00","0000214",,,,,"11","001",,,"980000",,,,,,,,,,,,,,,,,,,,,,,,,,,,,,,,,,,"14000US11001980000","Census Tract 9800",,,,13,5.168662,2.51515759918579
